image_id,file_name,prediction,references
26903,VizWiz_val_00003472.jpg,a white piece of paper with black writing on it,"['a ballpoint pen and a rubber band on a table', 'a pen and a rubber band sitting on a white surface', 'a gray plastic ballpoint writing pen and a rubber band', 'a white counter with an uncapped pen and rubber band']"
29852,VizWiz_val_00006421.jpg,a white piece of paper with black text on it,"['a label for paper that is resting on top of a brown couch', 'rolling papers that are laying open face down on brown upholstery', 'a pack of rolling paper sitting on a black background', 'a box on the floor with papers on it in black', 'a pack of rolling papers on top of a couch']"
28093,VizWiz_val_00004662.jpg,a close up of the back of a can of food,"['cooking instructions on the back of a food product', 'this appears to be some type of menu with black and red text']"
24413,VizWiz_val_00000982.jpg,a sheet of paper with questions on it,"['a script with printed words has some parts written with a red pen', 'a piece of paper with typing on it and a fold in the middle that has been corrected', 'a white piece of paper has red correction ink', ""a double spaced manuscript shows editor's marks in red ink"", 'a typed and printed essay with handwritten error checks']"
25490,VizWiz_val_00002059.jpg,a computer screen with a window open on it,"['the electronic display portion of a large digital clock program is seen', 'shows a clock with time and date and temperature', 'a close up of a digital clock showing the time 2100 hours', 'a digital display of date time and day', 'part numbers do not have a text on']"
24136,VizWiz_val_00000705.jpg,a computer screen with a web page pulled up,"['an open pdf showing step 2 of a presentation or action plan', 'a computer screen showing information on how to get the crowd to work fast', 'computer screen showing a page that contains text about computer graphics', 'a computer screen that shows a slideshow with other windows open in the back', 'computer screen showing a mac web browser with a powerpoint presentation up']"
30476,VizWiz_val_00007045.jpg,a close up of a white bottle with a blue label on it,"['a white table with a wire plugged into something', 'some type of power cord plugged in behind a chair']"
28132,VizWiz_val_00004701.jpg,a white piece of paper with a math problem on it,"['a white background with black numbers printed on it', 'a piece of paper with the numbers of 9007 on it', 'a white piece of paper with black text printed on it', 'the numbers 9007 written in black on a white paper']"
24665,VizWiz_val_00001234.jpg,a person is holding up a bottle of lotion,"['a bottle with a scent spray product inside of it', 'a blue bottle of ovation advanced cell therapy shampoo', 'a bottle of hair treatment for volume and strength', 'someone is holding a blue can of hair spray']"
24685,VizWiz_val_00001254.jpg,a white piece of paper with black text on it,"['a picture of what appears to be a close up of a shirt', 'zoomed in view of a white collared button shirt', 'white button down dress shirt with white buttons and a front pocket with a foot wearing a flip flop', 'a close up of a white button up shirt with a pocket on the chest', ""the front of someone's white button up shirt pocket on the front too""]"
23874,VizWiz_val_00000443.jpg,the back of a book with lots of <unk> on it,"['a computer screen featuring a graph featuring at least three different colored lines values along the bottom and right sides', 'computer screen showing a graph about energy management', 'a computer screen that reads use an energy manager with a graph displayed', 'a black white red blue and green graph with black writing', 'computer screen with use and energy monitor read out']"
29185,VizWiz_val_00005754.jpg,a bottle of diet coke sitting on a table,"['appears to be a picture of a water bottle', 'a clear plastic water bottle is on a grey table top', 'water bottle half full with a blue label around the middle of bottle', 'bottle of water sitting on a blue counter top']"
28697,VizWiz_val_00005266.jpg,a close up of the back of an electronic device,"['a control small panel for a sound system', ""a switchboard with many dials and buttons isn't hooked up to anything"", 'an audio mixer with a lot of inputs laying on white sheets', 'a piece of equipment with lots of buttons and places to plug in items']"
28254,VizWiz_val_00004823.jpg,a silver laptop keyboard with black keys,"['a laptop computer screen that is on and a keyboard', 'the keyboard of a macbook air laptop can barely see the monitor', 'a laptop keyboard with black keys and white letters on them', 'a keyboard is shown on a silver laptop computer', 'a blurry silver computer screen with black keys on the keyboard']"
24041,VizWiz_val_00000610.jpg,a computer screen with a blue background and white text on it,"['a monitor showing a verification log in is shown in a dark room', 'an open laptop is sitting in a dark room with a finger hovering over the top of the screen', 'a computer screen that is stuck on the captcha', 'the login screen for some application on a windows home computer', 'a website that needs the captcha code vick entered in order to create a new account']"
27530,VizWiz_val_00004099.jpg,a bottle of lotion is on top of a table,"['a small starbucks cup with white lid sitting on a wooden table', 'a cup of coffee is on top of a wooden table inside', 'a plastic cup with a white cover placed on a wooden surface', 'a small closed drinking container with a cardboard sleeve sitting on a table next to a blue napkin', 'a disposable coffee cup sits on a table with a crumpled napkin']"
26774,VizWiz_val_00003343.jpg,a person is holding up a bottle of lotion,"['i see a bowl of tops on the table', 'a clear plastic container is on a table behind a white pill bottle', 'a small white color bottle for keeping drugs', 'a big plastic container with some plastic materials in it', 'a container with several things inside it as well as a pen and other items are on top of table']"
23970,VizWiz_val_00000539.jpg,a computer screen with a window open on it,"['picture of a computer monitor with a loading bar on the screen', 'a computer is displaying an image of something loading', 'a computer screen showing that something is loading or a task is being completed', 'image of a windows troubleshooter with loading bar for searching for problems', 'a screenshot of a computer monitor that is being used']"
24377,VizWiz_val_00000946.jpg,a computer screen with a blue screen on top of it,"['a desktop computer with package of ramen noodles on keyboard', 'i see a desk with a computer and a keyboard with a package of food on the keyboard in an office with one person at', 'a package of ramen noodles sits on top of a computer keyboard on a desk and a computer screen computer speaker and two people can', 'a pack of dried noodles laying on a computer keyboard', 'desk with computer monitor and keyboard with windows logo']"
27414,VizWiz_val_00003983.jpg,a computer screen with an error message on it,"['a computer monitor is partially displayed and a handle of some sort juts out in front of it', 'a long rectangular device with curved edges pointed at a computer screen', 'a black computer screen with a black and silver light sitting next to it', 'an navy blue screen with an remote control', 'pictured is a television screen with what appears to be an armchair']"
25526,VizWiz_val_00002095.jpg,a person is holding up a bottle of lotion,"['a woman is holding up a green plastic jar of a spice', 'a hand holding a bottle of garlic salt', 'a hand holding a green bottle with a green lid', 'someone holding a spice jar with a green lid and green label']"
23855,VizWiz_val_00000424.jpg,a computer screen with a window open on it,"['a computer display monitor with text on it', 'a computer screen with text going across it', 'a email or other form of digital document', 'a computer screen with an open word document']"
24959,VizWiz_val_00001528.jpg,a close up of a computer screen with an error message,"['display panel of an electronic device with control buttons', 'a cardio machine that has several speed settings', 'an electrical gadget with some control button on it', 'four small display screens five round control buttons and one oval button are on what looks like a dashboard']"
26273,VizWiz_val_00002842.jpg,a close up of a white piece of fabric,"['a small plastic stretchy toy is sitting on the table', 'a whitish grey ball that has many rubber filaments that radiate from the center and are bent', 'an object with many long root like material', 'a black foam something that has foam tendrils sprouting from the middle of it']"
27107,VizWiz_val_00003676.jpg,a person wearing a blue shirt with a white collar,['a piece of purple fabric with wrinkles presumably a curtain']
27422,VizWiz_val_00003991.jpg,a picture of a living room with a wooden door,"['a bunch of jars and food containers sits in a brown cabinet with the door open', 'a cabinet with food items and spices in it the cabinet is wood and fully opened', 'an open wooden cabinet contains various food items', 'cabinet that is filled with assorted bottles and cans']"
27346,VizWiz_val_00003915.jpg,the back of a box of food is on top of a table,"['packaging for a food item with nutritional information on the back', 'backside of a food product box detailing nutritional facts and cooking directions', 'box for food product open on one end with ingredient and cooking instruction side up laying on something with striped cloth', 'back of a microwave meal box displaying instructions']"
25796,VizWiz_val_00002365.jpg,a can of heinz baked beans on a counter,"['a yellow labelled bottle containing a blend pepper', 'a jar of mrs dash is laying on a white surface', 'a bottle of spice has pictures of lemons', 'seasoning bottle of mrs dash resting on a gray counter top', 'a full bottle of spice with a bright yellow label']"
28228,VizWiz_val_00004797.jpg,a can of food is on top of a wooden table,"['a can of beer on a table in a bar', 'a wooden table with a bottle of budweiser beer on it', 'a wood dining table with a wood chair']"
23533,VizWiz_val_00000102.jpg,a parking lot with a building and a building,"['a house with some police car in the monitor window', 'computer display monitor displaying old home and police vehicle', 'computer screen display of a picture of a fire damaged house with a police car parked in front of it', 'a computer screen with a photo of an abandoned white house with an overgrown garden and a police car parked in front of it', 'a police cruiser parked in front of a white two story home']"
24282,VizWiz_val_00000851.jpg,a white piece of paper with black text on it,"['a paper containing some text is laying on a white surface', 'a white piece of printer paper with four sentences wrote on it in black ink', 'an 8 x 11 sheet of paper with some blurry text printed on four lines', 'pictured is a piece of white paper with typed sentences', 'sheet of white paper with four lines of typed text']"
27523,VizWiz_val_00004092.jpg,a white keyboard with white letters on it,"['a keyboard of sorts with brail type buttons across it on a wood background', 'a keyboard of some sort looks like a piano']"
29749,VizWiz_val_00006318.jpg,a ten euro bill on a wooden table,"['a blur photo of money worth 10 but the currency is not clear', 'a paper bill worth 10 dollars is on a wooden floor', 'ten denomination in paper currency lying on a wood surface', 'a unit of currency is lying on the floor', 'the reverse side of a 10 riyal note from saudi arabia is face up on a wooden surface']"
28769,VizWiz_val_00005338.jpg,a close up of a blue t shirt with white buttons,"['a pink sweater laying up against a turquoise background', 'pink shirt sits with green shorts lying underneath them', 'partial picture of a rose colored top and greenish pants', 'a pink article of clothing on a black background', 'a red skirt or type of shorts on a bed of some sort']"
30244,VizWiz_val_00006813.jpg,a white piece of paper with black writing on it,"['white plate or saucer placed above the brown table', 'a white color ceramic plate place on a white table', 'empty plates are stacked on the center of the table']"
29278,VizWiz_val_00005847.jpg,a person wearing a red shirt with a red collar on it,"['a black and white cat sleeping on a red couch', 'a white and black cat asleep on a red cushioned area', 'a black and white cat laying on its side on a red sofa or chair', 'black and white cat laying on a red chair and a striped pillow', 'a black and white cat sleeps on a bed with a red cover and a striped pillow']"
25862,VizWiz_val_00002431.jpg,a bottle of lotion is on top of a table,"['bottle of cough syrup laying on a wood surface', 'pictured is a bottle of adult robitussin cold and cough syrup', 'bottle of cough syrup for adults lying on a table', 'adult cold and cough syrup on a wooden table top', 'a bottle of cough medicine laying on a wooden surface']"
28051,VizWiz_val_00004620.jpg,a black computer keyboard with white letters on it,"['a stove oven inside a brick room in the dark', 'a small fireplace in a room with a concrete floor and brick walls', 'a metal wood stove that is empty sitting in a brick room', 'a black dimplex brand wood burning stove with glass doors', 'a black electric furnace is in a brick walled room']"
23881,VizWiz_val_00000450.jpg,the back of a box of medicine is on top of a table,"[""the backside of a laptop showing the service tags and sitting on a person's legs wearing jeans"", 'a person holds a laptop in their lap upside down', ""the back of a laptop computer is displayed on someone's lap"", ""the rear of a laptop that is sitting on a person's lap"", ""the back of an asus laptop resting on a person's lap""]"
23807,VizWiz_val_00000376.jpg,a computer screen with a blue background and a blue background,"['computer screen monitor with the earth icon indicating the internet', 'a computer screen has multiple colors on it', 'a blurry computer screen with a gear ion and a world icon', 'a close zoom in of part of a desktop screen with a few logos to click on', 'a white feather with a blue to light blue background with a small image of the earth in the center']"
25710,VizWiz_val_00002279.jpg,a bottle of body lotion is on top of a table,"['a white colored tube with softening label on it', 'a white squeeze tube with a brown cap on the edge of a table', 'narrow plastic bottle of body wash with skin softening qualities', 'a tube of shea butter deep moisture body wash']"
24479,VizWiz_val_00001048.jpg,a computer screen with an error message on it,"['a blurry image of a computer screen showing two windows with text', 'a computer monitor is on and the home desktop is shown with two windows open', 'a computer screen showing a phone call application and another application that has some text written in it', 'image of a desktop computer in the dark', 'the video file area on the computer is open and a video file is selected']"
30293,VizWiz_val_00006862.jpg,a package of coffee is on top of a table,"['package of individual tissues wrapped in clear plastic', 'a plastic bag filled with a white paper object', 'plastic wrapping with a blue label on it', 'white paper envelopes in a plastic bag resting on a wood table']"
29371,VizWiz_val_00005940.jpg,a person is wearing a black and white striped shirt,"['two red low top sneakers are side by side near a wall', 'a pair of red shoes by the wall on a wooden floor', 'a pair of worn and dirty red and white tennis shoes sitting on a floor next to a wall', 'a pair of red converse shoes face opposite ways on a hardwood floor']"
23548,VizWiz_val_00000117.jpg,the front cover of a book about <unk> <unk>,"['a hardcover novel is shown with white paper sticking out like a bookmark', 'clive cussler and dirk cussler novel with a white priority titled piece of paper sticking out', 'a large hard cover book with a boat image and water', 'a book with the names clive cussler and dirk cussler']"
25948,VizWiz_val_00002517.jpg,a white piece of fabric is on top of a table,"['a picture of tan smooth tiled floor in a room', 'tile floor with marble brown and beige pattern', 'a floor is made of brown tile that are square in shape', 'a brown and beige colored tiled floor or wall', 'a tiled floor of different shades of brown']"
30593,VizWiz_val_00007162.jpg,a computer screen with an error message,"['in this picture lies a monitor showing windows shutting down', 'computer screen displaying a windows operating system shutting down', 'a computer screen with a message that it is shutting down', 'a blue computer background with the text shutting down']"
26441,VizWiz_val_00003010.jpg,a person wearing a black sandal with a black collar,"['a leg and some brown rug and a wood table leg', 'a blue armrest of a chair with a black jacket over it', 'a room with a brown rug and a person sitting down', 'a coat is on top of the couch', 'a purse of bookbag laying across lap of a person wearing jeans']"
25316,VizWiz_val_00001885.jpg,the back of a box of food is on top of a wooden table,"['a red box of ready to bake cherry cobbler flour mix', 'a recipe for cherry cobbler laying on a table between two place mats', ""a box of mix used for making nana's cherry cobbler with the recipe displayed"", 'some items placed on a wooden brown surface', ""a box with food ingredients possibly cake with nana's cherry cobbler recipe on the bottom""]"
25897,VizWiz_val_00002466.jpg,appears to be a picture of a wall,"['a dark colored truck with it headlights on driving in the dark', 'at night a truck with its headlights on is driving down a street', 'a truck has its lights on outside', 'a truck with its lights on driving on a road', 'a truck is lit up as it drives down a street at night']"
25040,VizWiz_val_00001609.jpg,a can of food is on top of a table,"['a strawberry juice drink box with a clear empty straw wrapper on top', 'strawberry fruit juice cartons are ready to quench some thirst', 'a package of strawberry kiwi flavored juice boxes', 'a piece of a box had a strawberry and a carrot on it', 'some fresh vegetables of strawberry and carrot packed and placed']"
24264,VizWiz_val_00000833.jpg,the back of a box of medicine on a wooden table,"['an itunes gift card is face down on a table', 'an itunes gift card without scratch and with barcode', 'the back side of an itunes gift card', 'the back of a white itunes gift card on top of a brown table', 'the back of a white itunes card on a table']"
25785,VizWiz_val_00002354.jpg,a bottle of hand sanitizer sitting on a table,"[""a full bottle of musselman's apple cider vinegar with a red label and white cap"", 'a liquid made up of apple used for cooking', 'a hand holding up a jar of apple cider vinegar with a shelf in the back filled with many things', 'a smooth plastic bottle of vinegar with a twist lid on top']"
28423,VizWiz_val_00004992.jpg,a white thermostat on a white appliance,"['a white thermostat reads numbers and is set to auto', 'a white thermostat that is set at seventy one degrees', 'a thermostat is right up against the wall', 'a thermostat set to 71 degrees with fan options and buttons', 'white wall thermostat showing digital temperature recordings and controls']"
27805,VizWiz_val_00004374.jpg,here is a picture of a fast food restaurant,"['top down perspective of food pantry shelves with pace salsa spices and case of pepsi on floor with view of man wearing jeans and socks', 'looking down from the top of a food pantry two shelves of various canned and jarred food items and on the bottom floor of the', 'a downward view of a pantry with some spices salsa and pepsi visible', 'a pantry viewed from the top with cans of food on the top shelf and soda and chips below', 'a downward view of items in a pantry']"
29813,VizWiz_val_00006382.jpg,a white teddy bear is on a wooden table,"['the front of a box of pillsbury chocolate cake with chocolate icing', 'a cardboard package of a pillsbury cake mix', 'a package of baking mix showing a chocolate cake and the pillsbury doughboy', 'pillsbury chocolate cake mix meant for baking chocolate cakes']"
28361,VizWiz_val_00004930.jpg,the back of a box of food is on top of a table,"['the front side of a cardboard pill box with its logo on it', 'a package of rite aid brand lorata d 24 hour allergy', 'a cardboard container of rite aid brand decongestant and antihistamine rests on a black tiled surface', ""a small box of rite aid nasal decongestant and it's opened on the end"", 'a package for an allergy and congestion drug in white green red and blue color']"
29511,VizWiz_val_00006080.jpg,a picture of a cd case with a blue background,"['too fast and the furious dvds in a foreign language', 'two dvds on a table one is tokio hajsza and the other is halalos iramban', 'two dvd movie cases rest on a blue fabric on the table', 'the films disc of tokioi hajsza and halalos iramban', 'two dvd cases laying on a blue mat']"
25730,VizWiz_val_00002299.jpg,appears to be a picture of a piece of fabric,"['a plain view of a wooden table top', 'close up of a flat wooden surface showing light wood and dark wood grains', 'a brown or dark beige surface of something possibly wood or laminate', 'a piece of wood that has been used for making some type of furniture']"
27468,VizWiz_val_00004037.jpg,a black remote control sitting on a wooden table,"['black and silver power bank with a wire chord in it', 'a small shiny black device with two blue lights lit and a black cord plugged into it', 'a black rectangular electronic device plugged into a charger', 'charging cell phone with three lights and the cord visible']"
29629,VizWiz_val_00006198.jpg,a white crock pot on top of a stove,"['close up of a digital read microwave clock with plastic container sitting on top', 'the clock or timer of a microwave oven is showing 8 12', 'a white microwave showing the time eight twelve', 'a clock is shown 8 12 on a microwave oven', 'the clock on the oven shows the time 8 12']"
25225,VizWiz_val_00001794.jpg,a clear plastic container with a red label on it,"['a white sachet with a canadian bacon label on it', 'a package of canadian bacon with a large logo on it', 'a package of canadian bacon is inside of a plastic package the brand label and text is displayed on the package', 'a package of canadian bacon is on the counter', 'a pack of canadian bacon from jones with white background']"
30831,VizWiz_val_00007400.jpg,a person wearing a red shirt with a red shirt,"['a package of bacon lies open on a checkered tablecloth', 'a clear plastic bag of bread rests on a red and white checkered tablecloth', 'a package of unknown food is sitting on a checkered tablecloth', 'an open plastic pack of ham deli meat']"
24965,VizWiz_val_00001534.jpg,a person is holding up a bottle of lotion,"['i could not understand what is this image', ""here is a picture of what's between the car seat and counsel like a white plate medal box and a wire"", 'a paper plate stuck between a green fridge and a large bottle of pink soap', 'white plastic container with red liquid on top of a paper plate']"
29217,VizWiz_val_00005786.jpg,a person is holding up a bottle of lotion,"['a hand grabbing for a one dollar bill', ""a person's hand holding a one dollar american bill at the edge"", 'a united states of america one dollar bill with a hand', 'a person is holding a one dollar bill', 'hand over a one dollar bill on a table']"
29831,VizWiz_val_00006400.jpg,a person wearing a blue shirt with a white collar,['a person is sitting on the inside of a dark area']
27900,VizWiz_val_00004469.jpg,a computer screen with a blue background and a blue screen,"['a tv showing the programing that is coming up next', 'a tv playing a bbc radio 4 news broadcast', 'a tv screen in blue stating further schedule information is not available', 'a blue computer screen that has some white text typed on it', 'some type of old pc that is showing some news']"
29664,VizWiz_val_00006233.jpg,a bottle of vitamin c crystals sitting on a table,"[""a jar of hellmann's olive oil reduced fat mayonnaise"", 'a partially used jar of olive oil mayonnaise', ""an image a hellmann's mayonnaise jar is being depicted"", ""a picture of a hellmann's jar of mayonnaise"", ""a half empty jar of hellmann's olive oil reduced fat mayonnaise the label is yellow with a blue hellmann's logo on the front""]"
24422,VizWiz_val_00000991.jpg,the back of a box of special k bars on a wooden surface,"['here is a dark wood that has a sticker or tag on it from sears and is priced about 250 and a sale price of', 'part of a yellow shipping label or price tag is affixed to a wood grained surface', 'it appears to be a small yellow sears receipt on top of a wooden table', 'some sort of table that is in the foreground']"
31047,VizWiz_val_00007616.jpg,a person is holding up a bottle of pills,"['a brown and white cat sitting on a bed', 'a cat that is mostly tan and brown with some black color on its ears and face', 'a kitty cat is laying on the bed and he looks sleepy', 'a grey and white cat with a black nose sitting on some cloth', 'a grey and black cat sitting on a black blanket']"
25026,VizWiz_val_00001595.jpg,the back of a box of special k bars,"['appears to be a picture of a sales paper', 'a newspaper has printed ads and articles in the papers', 'an advertisement mailer that is talking about mattress warehouse', 'newspaper with factory direct on the saver sheet', 'a person has a newspaper in their lap']"
29484,VizWiz_val_00006053.jpg,a close up of a computer screen with a blue background,"['a black logitech mouse placed on a white surface', 'here is a picture of a logitech mouse', 'i see a close up of a logitech black mouse for a computer or laptop', 'black logitech mouse sitting on a white background', 'a black computer mouse with a scroll wheel and two buttons']"
24431,VizWiz_val_00001000.jpg,a computer screen with an error message on it,"['a laptop computer with white keyboard and accessories label', 'the corner underneath the keyboard of a laptop showing the specs and type of os and processor', 'in front of the keyboard on a laptop base there is a sticker label titled accessories with smaller text under it', 'on a computer laptop the sticker that explains information about the laptop', 'a computer laptop keyboard with off white buttons and a blue and white sticker']"
25341,VizWiz_val_00001910.jpg,a package of food is on top of a table,"['a package of lite n easy brand chicken spaghetti', ""image is clear and it's a chicken spaghetti"", 'the top of a package of chicken spaghetti', 'a package of chicken spaghetti is on a counter', 'a cream counter with a oval chicken spaghetti container']"
30994,VizWiz_val_00007563.jpg,the back of a package of food is on top of a table,"['red box of spray perfume moschino chic petals', 'side view of a bottle of perfume called moschino chic petals', 'a package of scented spray is left in the bathroom', 'a tall box of perfume stands on a wooden surface and leans on a wooden wall', 'some sort of chico e tlas that er in a bottle']"
25984,VizWiz_val_00002553.jpg,a close up picture of a white piece of fabric,"['a curvy black silhouette against a white background', 'a white fabric with a brown flower like design', 'white and black floral design image with curves']"
25681,VizWiz_val_00002250.jpg,a person is holding up a bottle of lotion,"['back of a white styrofoam container showing the label', 'a white plastic container showing the nutritional facts', 'white plastic container with white label and blue lettering label side up on counter', 'a foam container on top of a counter and in front of legs wearing jeans', 'nutrition facts for a white package of meat']"
27216,VizWiz_val_00003785.jpg,a glass bottle of water sitting on a wooden table,"['a coffee mug on a wooden table and a bottle of dark liquid', 'a mug and a bottle are on the wood table', 'a floral and purple coffee cup sits next to a dark bottle on a wooden table', 'the table is wooden in nature and has a coffee mug sitting on it that is trimmed in maroon']"
29324,VizWiz_val_00005893.jpg,a person is holding up a bottle of lotion,"['an artificial flower arrangement is placed in the living room for decoration', 'an arrangement of flowers in a living room with an open door in the background', 'a faux floral arrangement with a tan colored sofa']"
26366,VizWiz_val_00002935.jpg,a bottle of body wash is on top of a table,"['a close up of part of the label on a bottle of marinade', ""bottle of lawry's seasoning with a gold quality symbol on front"", 'a white label with blue writing on a packaged food']"
26187,VizWiz_val_00002756.jpg,the cover of a book about <unk> <unk>,"['a english italian large print dictionary is on a table', 'a large print edition of the english italian dictionary', 'a yellow book has a picture of houses in venice', 'pictured is an english italian dictionary in the large print edition', 'a large print edition of an english italian italian english dictionary book by peter ross']"
30815,VizWiz_val_00007384.jpg,a close up of a black and white striped t shirt,"['black and white corner design with straight line edges', 'a fabric with folds of white and black designs', 'black and white striped fabric image is very close up']"
29689,VizWiz_val_00006258.jpg,a person is holding up a bottle of lotion,"['a plastic cup from mcdonalds that says get quenched', ""a large mcdonald's cup sitting in what seems to be someone's lap"", ""a large beverage container from mcdonald's with a straw"", 'a large mcdonalds drink in a styrofoam cup displayed next to a person', ""i see a large white cup for a soft drink from mcdonald's""]"
26980,VizWiz_val_00003549.jpg,a glass bottle with a red and white label on it,"['a table with a citronella candle a glass of white wine and an ashtray', 'here is a picture of cigarettes and a lighter on a table', 'a candle in a bucket an ashtray with a butt in it and a half filled wine glass next to a pack of cigarettes', 'pictured is a old coffee table splattered with paint that has a outdoor candle lit a glass with white wine and an ashtray with cigarette', 'an ashtray with butts cigarettes lighters and a wine glass']"
26299,VizWiz_val_00002868.jpg,a table with a picture of a tv in the background,"['a glowing lamp that has a pringles can on the left side of it', 'a can of pringles chips is on a table', 'here is a white round lamp without a lampshade so only the light bulb which is on in front of that is also a can', 'a large urn style lamp without a shade is on a table alongside a stereo cds a bottle of product and a canister of pringles']"
27858,VizWiz_val_00004427.jpg,a white thermostat is shown on a wall,"['a thermostat shows the temperature as being 74 degrees', 'a close up of a digital wall thermostat', 'i see a white digital thermostat with 2 temperature buttons on a yellow wall', 'a thermostat for a house set at 74 degrees', 'a closeup of a white indoor thermostat displaying 74 degrees']"
28052,VizWiz_val_00004621.jpg,a person is holding up a bottle of lotion,"['a hand holding a plastic cup across from another person', ""a person's hand holding a large white cup with writing on it"", 'a hand holding a large white foamed cup with red letters', 'in the hand is a large soda cup from a restaurant', 'a hand holding a white disposable drinking cup with the partial letters watch boat on']"
30459,VizWiz_val_00007028.jpg,a white coffee mug sitting on a wooden table,"['a white mug has a dark coffee in it', 'white short wide coffee cup with a little bit of brown liquid in the bottom', 'a white coffee cup with dark liquid on top of a table and a black cord', 'a white coffee cup sitting on a desk with little coffee left in it', 'a cup of coffee that is dirty and only has a bit of coffee left in the bottom']"
26510,VizWiz_val_00003079.jpg,a person is wearing a blue shirt with a white collar in the background,"['two windows in a room that have beige shades a few of which are damaged', 'two windows with small slat blinds in the closed position', 'a light brown purse sits in front of a window completely covered by shuttered white persian blinds', 'white vertical blinds over windows with some broken slats', 'windows with white blinds next to a lamp']"
28292,VizWiz_val_00004861.jpg,a package of food is on top of a table,"['a painting of a colorful bouquet of flowers is framed on the wall', 'a picture of an abstract painting hanging on the wall', 'abstract painting with a finger blocking the lower part of the camera', 'a picture of a photo on a wall in a frame', 'a colorful abstract painting with a reflection on the glass']"
28992,VizWiz_val_00005561.jpg,a person wearing a red t shirt with a white collar,"['bed with beige colored bed sheets and red pillow', 'the top of the fabric is dark red and the bottom is white in color and is on a flat surface', 'a red pillow is on top of a bed']"
25981,VizWiz_val_00002550.jpg,a box of coffee is on top of a table,"['a package for a an electronic luggage locator', 'an electronic luggage locator sitting on a red cloth', 'a box containing an item called the luggage locator sitting on a red piece of fabric', 'a device for your luggage on top of a red fabric material', 'packaging with luggage locator are silver and have a little button on each one']"
25449,VizWiz_val_00002018.jpg,a blue and white owl is on top of a table,"['a large plant has purple flowers dropping down outside', 'a field of weeds that have budded beautiful purple petals', 'absolutely beautiful purple flowers are on display here', 'a purple flower in a yard or in a garden', 'an outdoor scene showing purple flowers and green leaves near some trees']"
29231,VizWiz_val_00005800.jpg,the back of a box of food showing preparation instructions,"['a grocery ad for a veggie burger for 100 beef and nut free', 'veggie burger product information label from a product box', 'an advertisement about veggie burger in the news paper', 'a piece of newspaper shows the possibilities of veggie burgers']"
30299,VizWiz_val_00006868.jpg,a package of meat is on top of a table,"['a package of frozen chicken curry rice is shown', 'the front of a package of tesco chicken curry with rice is shown', 'box of tesco brand chicken curry with rice microwave meal', 'image shows a food packet of chicken curry with rice from tesco', 'a box of tesco light choices sits on a ceramic stove']"
25268,VizWiz_val_00001837.jpg,a computer screen with a blue screen on it,"['a sony tv sitting on a cabinet displaying nothing but static', 'a sony tv that is on to channel 3 with static', 'a sony crt television without a visible show on channel 3', 'a black sony television with static showing on the screen', 'a box television set showing static sets on a metal table']"
25879,VizWiz_val_00002448.jpg,a blue and yellow package of <unk> <unk> <unk>,"['a green shirt with many different patterns and text on it', 'a piece of green fabric with gold lettering laying beside a blue leather purse', 'a painting keep on the table described in the image', 'a graphic t shirt is next to a blue case']"
24203,VizWiz_val_00000772.jpg,a bottle of lotion is on top of a table,"['some type of plastic container which says every now and then and karen kingsbury', 'photo of chair legs floor and a plastic case between legs every now and then on it', 'media cartridge labeled 68801 every now and then karen kingsbury', 'a gray cassette tape novel rests between my legs with a chair and rug in view below', 'some sort of cassette tape labelled 68801 every now and then karen kingsbury']"
23574,VizWiz_val_00000143.jpg,the back of a box of food showing nutritional information,"['a pink paper of ingredient description and nutrition information', 'a box item showing the nutrition information about the item of sale', 'two separate cards over a big long red paper with nutrition information on it']"
30100,VizWiz_val_00006669.jpg,a glass bottle with a black cap is on top of a table,"['a small decorative statue placed on a table', 'a person is dressed in a robot costume is standing in a dark room next to a plant and light switch', 'a black doll like object with some design', 'a scary darth vader figure is on a table', 'a creepy statue of darth vader with huge eyes on a table']"
27170,VizWiz_val_00003739.jpg,a person is holding a bottle of medicine,"['hand holding a red container on top of a marbled countertop', 'a red box of a sealed package is sandwiched between the fingers', 'someone holding a red item with the qr code shown', 'a hand is holding a red package on a countertop', 'a person is holding red object over a table']"
27522,VizWiz_val_00004091.jpg,a person is holding up a bottle of lotion,"['hanging shirt on a dresser that says you had me at meow', 'a kitten t shirt hanging from a hanger on a dresser drawer handle', 'a t shirt is hung up right on the dresser', 'a t shirt with a picture of a kitten on it hanging from a hanger on a dresser knob', 'a white t shirt on a hanger hanging in the pull handle of a drawer']"
29402,VizWiz_val_00005971.jpg,a person is holding up a bottle of lotion,"['a white and ash colored television placed on an iron shelf', 'room with a bed on the floor and a tv on a stand', 'a mattress has a blue sheet on it and is on the floor', 'a blue blanket covering a bed on the floor and an old tv on a stand', 'a metal entertainment center with a tv in it stand in front of a painting of some type of unreal tree and there is a']"
28840,VizWiz_val_00005409.jpg,a package of food is on top of a table,"['an open bag of frozen corn sitting on a counter', 'i see some frozen corn in a plastic container', 'a package of a two pound bag of corn', 'some type of packaged corn that you can open and eat']"
27401,VizWiz_val_00003970.jpg,a close up of a computer screen with a blue background,"['quality issues are too severe to recognize visual content item is yellow', 'an image covered completely by solid orange with a small yellow patch to the left']"
31140,VizWiz_val_00007709.jpg,a person is holding up a bottle of lotion,"['in this picture lies a dvd case of a harry potter film', 'a movie case cover showing ron and harry from one of the harry potter movies pointing wands', 'a picture of harry potter and another boy next to him', 'two young boys with wants pointed outwards in front of a blue background']"
25424,VizWiz_val_00001993.jpg,a close up of a person's leg wearing a black t shirt,"['a burgundy color striped cloth is on the surface', 'a close up of a folded pink towel', 'given image contains a product called bathing towel', 'a lavender colored towel is folded against a blue green background']"
29796,VizWiz_val_00006365.jpg,a math worksheet with multiple choice answers on it,"['white piece of paper with black font lettering depicting math homework', 'part of a math equation asking for the area of a garden bed in the shape of a parallelogram measuring 25 2 m on its', 'math homework equation that asks what is the area of the garden bed', 'a white color paper showing some mathematical expression', 'a paper with a math problem on it in black text and diagrams']"
28066,VizWiz_val_00004635.jpg,a bottle of hand sanitizer is on top of a table,"['a jar of white sauce is sitting on a tiled floor with a wall behind it', 'a glass jar of dolmio creamy lasagne sauce with a green lid', 'a jar of white creamy lasagna sauce sitting on a tile floor', 'this jar of dolmio creamy lasagne sauce sits unopened on a counter or table', 'a jar of lasagna sauce on the floor']"
30660,VizWiz_val_00007229.jpg,a white electronic device is on top of a wooden table,"['laying on the computer desk is a hi polymer eraser', 'a blue and white high polymer eraser on a desk', 'a white hi power eraser on a wooden surface', 'a boxed white eraser sits on a wooden surface', 'a white hi polymer art eraser made in china']"
30604,VizWiz_val_00007173.jpg,the back of a package of food showing the nutrition facts,"['the back of a package of food with directions to cook it', 'the back of a bag of food is shown the cooking directions as well as part of the nutritional facts', 'the back of a package of frozen vegetables showing the instructions', 'in this picture there is a package with warning directions', 'a package of frozen food is lying on top of a table']"
29474,VizWiz_val_00006043.jpg,a package of food is on top of a table,"['a red and maroon cardboard box of prepared food', 'a box of food sits on a glass table', 'a small service of food and generally eaten between meals', 'edge of box of food seafood which appears to be fiesta flavored on a glass table', 'is that picture is saw in some eating foods']"
25433,VizWiz_val_00002002.jpg,a close up of a black t shirt with a black background,"['cloth from a dark shirt or jacket displaying the word sport', 'the word sport in white embroidered on black fabric of a larger object', 'a small piece of black fabric with the word sport printed in white', 'the item says sport on it and is black']"
30932,VizWiz_val_00007501.jpg,a person wearing a black sandal on a wooden floor,"['a view of a back of a cell phone on a desk', 'an man from the waist down standing on brown carpet', 'someone is standing near a counter with his left foot forward', 'someone is looking down on a wood desk with a silver phone on top which is on top of brown carpet']"
25014,VizWiz_val_00001583.jpg,a blue and white package of oreo cookies,"['a blue package of all mighty pacs laundry detergent packets good for 24 loads', 'a bag of laundry detergent is sitting on something with a pair of jeans barely visible', 'a plastic bag of laundry detergent packets is sitting against a tan background', 'a bag of dishwashing pods are right on the table', 'a bag of concentrated laundry detergent dissolvable capsules']"
27738,VizWiz_val_00004307.jpg,a close up of a computer screen with an error message,"['a microwave timer on a black microwave and a tan wall', 'an oven clock with the time displayed on the display', 'the time on an under the counter appliance reads four twenty two', 'a digital clock that states the time as 4 22']"
23516,VizWiz_val_00000085.jpg,a page from a book called fishing <unk>,"['a pamphlet for naturally relieving stress and some kind of nature mountain pink sunset photo next to it', 'a flyer offering advice on various ways to manage stress', 'an article about stress with a cartoon in a yoga pose', 'article pinned to a mat describing foods to eat to help manage stress', 'a kind of book with stress relief techniques is sitting on the grey surface']"
28073,VizWiz_val_00004642.jpg,a box of special lasagna is on a wooden table,"['a package of pork loin chops is in a sealed packet', 'it looks like fox tree farm brand pork loin chops pack lying on the table', 'raw pork loin chops were purchased with the brand fox tree farm', 'a label for pork loin chops is on a wooden surface', 'a pork loin chops in a bag or package']"
25728,VizWiz_val_00002297.jpg,the back of a box of food showing nutritional information,"['the instructions for microwave cooking the food product', 'a box of food is showing its cooking instructions', 'the directions and nutritional facts from the back of a food item', 'the back of a box of food that says the recipe and nutrition label']"
30580,VizWiz_val_00007149.jpg,a screenshot of a phone with a captcha on it,"['i see a the best and most beautiful book', 'the set words dictated by the author and used as a preaching', 'a motivational quote from helen keller takes up the entire screen', 'inspirational blue and white picture text by helen keller', 'a graphic with text showing a quote from helen keller']"
28418,VizWiz_val_00004987.jpg,a can of food is on top of a table,"['appears to be a picture of a box of breaded shrimp', 'picture or package of food with a description featured at the top', 'portion of a cardboard box with a color advertisement for fried shrimp inside', 'a box of fried shrimp showing the front of the box']"
25755,VizWiz_val_00002324.jpg,a person is holding up a can of food,"['a can of food has a nutritional label and is yellow', 'a tin food can with a yellow label and a nutritional label', 'the side of a can laying on its side with only part of label showing', 'a can of food lying on its side with a portion of the product image and nutrition facts sections of the label visible', 'a yellow can with a nutrition label on it']"
26270,VizWiz_val_00002839.jpg,a person is wearing a blue shirt with a white collar,"['a person is bending their arm and not wearing a shirt', 'leg showing yellow colored placed on floor in leg', 'a leg of some sort that is being taken a photo of']"
25574,VizWiz_val_00002143.jpg,a page from a book about <unk> and <unk>,"['a page from a book that is discussing paraguay', 'a large portion of a page from a book', 'a book has long paragraphs of black text', 'an open book with white pages and black text', 'an opened book is being displaying in this scene']"
26390,VizWiz_val_00002959.jpg,a person is holding up a bottle of lotion,"['a close up view of a can of coca cola', 'a red and white container of coca cola soda', 'a red and white can of coca cola soda', 'a tattoo inserting ink dyes and pigments design on base']"
25189,VizWiz_val_00001758.jpg,a 20 dollar bill on a wooden table,"['a package of a parmesan and roasted garlic flavored food product', ""a depiction of a newman's logo on a bag of a loaf of bread"", ""newman's parmesan and roasted garlic flavored bottle with a picture of a man cheese and garlic on the label"", ""a bottle of newman's brand parmesan and roasted garlic salad dressing"", ""a bottle of newman's own parmesan and roasted garlic salad dressing""]"
27496,VizWiz_val_00004065.jpg,a white piece of paper with black font lettering on it,"['a 10 pound bill is on a wood background', 'a 10 euro bill is on a wooden table', 'a foreign piece of currency is laying on a wooden surface', 'currency of 10 euro in table actually it is a good picture', 'a unit of currency is on top of a table']"
24938,VizWiz_val_00001507.jpg,a person wearing a blue t shirt with white buttons,"['a close up of a person with a grey polo shirt with one button open', 'a person is wearing a button down grey shirt', 'a dark blue button up shirt with a collar', ""a close up of a man's button down shirt looking up at the collar"", 'the person is wearing a gray and plain button down shirt']"
26139,VizWiz_val_00002708.jpg,a computer screen with an error message on it,"['a folder that says pull in vertical lettering sits on some sort of gray contraption', 'a gray partition with a sign that says pull']"
30420,VizWiz_val_00006989.jpg,a package of frozen dinner is on top of a table,"['a frozen container of beef pot roast dinner', 'a frozen dinner box is laying on a counter', 'a healthy choice meal complete with beef pot roast and dessert', 'a box of healthy choice beef pot roast complete frozen meal with dessert looks like an apple compote on a butcher block style counter top', 'healthy choice beef pot roast complete meal with dessert']"
23670,VizWiz_val_00000239.jpg,a black laptop computer with a black screen,"['a large black and white desktop computer keyboard', 'a desktop computer monitor on a short stand has a keyboard in front of it', 'a computer monitor is on top of a wooden table with a keyboard underneath it', 'a dell computer with a keyboard with white keys', 'part of a computer monitor with a dark circle surrounded by a bright aura and a keyboard with very large black letters on white keys']"
26234,VizWiz_val_00002803.jpg,the back of a box of food is on top of a table,"['a box of fit and active chicken florentine alfredo', 'a package of some kind chicken alfredo microwavable meal', 'a container of fit active brand chicken alfredo is leaning against a silver colored electronic device', 'a tv dinner is on top of the table', 'a box of chicken florentine alfredo sits on top of a pan']"
30821,VizWiz_val_00007390.jpg,a silver keyboard with white keys on the keys,"['a few keys and the space bar on a laptop keyboard', 'the spacebar on a keyboard is the color white', 'a grey keyboard is sitting on a desk table', 'a part of keyboard shown in the image', 'a silver keyboard with white pads of english lettering sits on a yellow blanket']"
29028,VizWiz_val_00005597.jpg,a black remote control is on top of a table,"[""a person's hand holding a black remote control"", 'a tv remote control has the power button at the top right corner below it there is a horizontal line of buttons with the far', 'a hand is holding a tv remote control', 'photo is of someone holding a television remote control', 'i see a black remote control being held up by a hand']"
28535,VizWiz_val_00005104.jpg,a close up of a white piece of fabric,"['image was unclear but it was not item', ""looks like it's just a large piece of material in a grey color"", 'a fabric is colored gray and draped over']"
28192,VizWiz_val_00004761.jpg,a computer screen is displaying a window with a message,"['a computer monitor and keyboard on a computer desk', 'computer monitor and speakers on desk with keyboard', 'an electronic machine with lights sitting on a wooden table', 'a desktop computer is on a desk with a keyboard in front and the monitor dark and two light showing on the case', 'an old desktop computer sitting on a desk']"
30394,VizWiz_val_00006963.jpg,a close up of a computer screen with an error message,"['a computer screen showing a picture of some bright pink coral', 'a computer screen with a photo of a pink flower', 'a photograph of a computer screen with a big red flower as main image', 'a picture of a floral bloom is displayed on a computer monitor', 'an image of a flower taken from a computer desktop']"
29729,VizWiz_val_00006298.jpg,a white label with black letters on it,"['black hd xfinity box on a white background', 'a light screen showing info about an electronic device', 'a digital signage sign of verizon xfinity services featuring a white background and red text', 'a black color device and a letters hd free letters are printed on something']"
25453,VizWiz_val_00002022.jpg,a living room with a grandfather clock on it,"['a brick fireplace has framed photographs and knickknacks displayed on its mantle', 'a brick fireplace has picture frames on the top', 'brick mantle around a glass fronted fireplace picture frames line the mantle', 'red colored carpet is hanging near the brick wall', 'a mantle is covered with various pictures in frames']"
27191,VizWiz_val_00003760.jpg,an electronic device is on top of a table,"['a auxiliary cable that is next to a remote and a computer screen', 'a remote and the end of a power cord with some clutter behind all on a wooden desk', 'a bottle of rubbing alcohol is on a desk in front of a computer monitor', 'a plastic bottle of alcohol is sitting on a work surface in front of a remote control a computer monitor a speaker and other office']"
25749,VizWiz_val_00002318.jpg,a can of food is on top of a table,"['a can of food on the counter shows the expiration date', 'it appears to be a can of food showing the expiration date', 'a tin can of food as the expiry date on top', 'an expired can of something sitting on top a countertop surface', 'a sealed can on top of a counter with the following text dec 28 2013 w8 12291 est4d fr 0449']"
24148,VizWiz_val_00000717.jpg,a person is holding a bottle of lotion,"['a person holds up a postcard of the desert', 'a card with the date april 11th 2012 printed on it', 'a card with a cactus on it that can be inserted into a machine for tracking', 'a bus card with a cactus that says insert at the bottom', 'a person is holding a card key in their fingers']"
25468,VizWiz_val_00002037.jpg,a white piece of paper with a math problem on it,['an almost entirely white piece of equipment has a few indentations that resemble a door']
26117,VizWiz_val_00002686.jpg,i see a picture of the food is on the packaging,"['a pump bottle that is laying on a blanket', 'a bottle which has liquid in a gel form can press and have a gel', 'the backside of a pump bottle with something inside', 'a bottle of hand sanitizer sits on top of a napkin with blue graphics on it']"
25657,VizWiz_val_00002226.jpg,a package of food is on top of a table,"['a frozen meal is packaged in clear plastic and unopened', 'a plastic container of beef burgers is propped up in a wicker basket', 'a plastic container that has 2 steak beef burgers with sweet chili and soft cheese melt with a price tag that says any 2 for', 'a sandwich that is packaged and is not yet opened', 'a self contained steak meal in a shrink wrap package']"
28387,VizWiz_val_00004956.jpg,a package of food is on top of a table,"['a snack item in a package which is ready to eat', 'a green and white color sachet pack of bizim mutfak', ""a package of some sort of food product lying on it's back"", 'green plastic wrapper showing spoon with soup inside', 'a packet of soup mix written in a foreign language']"
29565,VizWiz_val_00006134.jpg,a hand holding a bottle of diet coke,"['appears to be a picture of a table', 'a packed table with plates a soda bottle and coffee essentials', 'a tabletop with bright containers and condiments and a person viewed from the neck down at the top of the image', 'a colorful table top with condiments on it packs of sugar small plastic mini cups of cream for coffee a man holds a napkin in', 'a kitchen table with lots of things on it creamer napkin holder plates of food salt and pepper shaker and a drink']"
27066,VizWiz_val_00003635.jpg,the back of a package of food showing nutritional information,"['the top corner side label of a washing machine', 'a warning label on the corner of a product', 'a white orange and black label warns of potential explosion risks', 'a warning tag is shown stuck to a white surface']"
27308,VizWiz_val_00003877.jpg,a white piece of paper with black font lettering on it,"['blocks of ice and a frozen ice tray laying in a sink', 'a large piece of cloudy ice and a couple ice cube trays sitting in a silver bowl', 'clumps of ice attached to an ice cube container in a stainless steel bowl', 'pictured is what appears to be a large chunk of ice with a clear ice cube tray stuck inside the ice']"
27462,VizWiz_val_00004031.jpg,a black electronic device is on top of a wooden table,"['a self driven vacuum robot is charging on the floor', 'a black and silver irobot device sitting atop a piece of cardboard and a keyboard', 'a cd player that is connected to a battery pack', 'a cleaning robot is visible with various buttons', 'the top part of a black clock standing over a computer keyboard a smartphone a couple of cords and some other electronic device']"
29939,VizWiz_val_00006508.jpg,a person is holding up a bottle of lotion,"[""the side of a red and yellow an open can in somebody's hand"", 'a person is holding up a can of sauce', 'hand holding red can with yellow around the top', 'a left hand holding a red can with a white box of text', 'a hand holds a can of what looks like pasta or ravioli']"
27921,VizWiz_val_00004490.jpg,a clear plastic bag with a white label on it,"['a simple bag of rice with a small see through plastic', 'a paper sack of white rice half full', 'a brown paper package with a clear plastic window showing the contents to be rice', 'a paper bag with a clear window that contains rice', 'a paper bag with a plastic window that has white rice in it']"
28583,VizWiz_val_00005152.jpg,a can of food is on top of a counter,"['a can of apricot halves with a bright green and orange label', 'a small green can containing apricot halves in juice', 'a can of apricot halves is on a kitchen counter', 'a can of apricot halves is sitting on an island in a kitchen and behind it is a counter with other items on it', 'a can of apricots on a kitchen counter']"
25673,VizWiz_val_00002242.jpg,a person wearing a blue shirt with white buttons,"[""the open pocket and button pocket of men's khaki shorts"", 'i see a white shirt on the bed', 'the pockets of a pair of white cargo pants with a button that is brown', 'a half of a plant shows in the image']"
28877,VizWiz_val_00005446.jpg,a close up of a person's leg wearing a blue shirt,"[""a man's hand resting on grey cloth of some type"", ""gray fabric cushion with a person's hand resting on it"", ""a person's left hand touching a blue chair cushion"", 'a hand in motion is atop an upholstered cushion', 'a person holding a oval grey padded object']"
27781,VizWiz_val_00004350.jpg,a white thermostat is on top of a wooden surface,"['here is a picture of a hand held edirol', 'edirol 24 bit digital sound recorder with a blank screen', 'a small electronic device of some kind with fast forward rewind stop and pause play buttons as well as some other buttons and a dial', 'on a carpeted surface is a control device that says edirol 24 bit digital', 'a small rectangular object with 13 buttons and a dials']"
29589,VizWiz_val_00006158.jpg,a close up of a computer screen with a blue screen,"['i see a set of headphones on the table', 'set of white earbuds that have a wire attached', 'a pair of white ear buds sits tangled up on a green fabric', 'some white earbuds with the wires tangled up in a mess', 'a pair of apple earphones placed on a blue fabric surface']"
24890,VizWiz_val_00001459.jpg,a person wearing a red shirt with a white collar,"['a person wearing jeans and a red shirt', 'a pink shirt with lace at the bottom and wearing jeans', 'a pink shirt and jeans worn by the picture taker', ""looks like it's an accidental photo that captures a person's partial torso and legs"", 'a red shirt and black pants on a person']"
27065,VizWiz_val_00003634.jpg,a person is wearing a blue shirt with a white collar in the background,"[""a person's hand holding a partially smoked cigarette over a table with plant designs etched into it"", 'a lit camel cigarette with a blue camel logo', 'a camel brand cigarette in front of a silver table', 'a roll of paper towels next to a coiled up 3 5mm male to male cable', 'a picture of toilet paper and a lit cigarette on a metal tray']"
24697,VizWiz_val_00001266.jpg,a white piece of paper with black font lettering on it,"['a sheet or a piece of cloth that is gray with yellow stripes', 'a blue and white striped piece of fabric', 'a grey bedsheet with white blue and tan stripes covers the entire image', 'a blue fabric with white and cream colored horizontal stripes on it', 'a plaid t shirt that is laid out perfectly']"
29364,VizWiz_val_00005933.jpg,a person is wearing a white shirt with a red and white shirt,"['a messy bedroom from the vantage point of the bed', 'a messy bed and a purple dresser loaded with items on top of it', 'a room showing a bed bed sheet small television music set ant water bottles', 'unfolded clothes in bed and have some object tv fm speaker some bottles and some dolls placed on the table in living room', 'a bedroom with a bed and piles of clothes everywhere and stuff all over a dresser with a television']"
27265,VizWiz_val_00003834.jpg,a person is holding up a can of food,"['a hand holding a very small sprite bottle with black cat', 'a person is holding a small bottle of sprite', 'a small green bottle of soda has a green label', 'a hand holding a 10 fluid ounce bottle of sprite in a bedroom', 'image shown a bottle in a finger tip']"
28749,VizWiz_val_00005318.jpg,a red box with a red label on it,"['a person holding a small red packet or something', 'a person is holding a red object with a bar code', 'the label is red in color and has a small white square in the left corner', 'someone holding up a red box over a wood table']"
26452,VizWiz_val_00003021.jpg,the front cover of a ten dollar bill,"['a plastic card with a cactus design on a wood table', 'yellow color local reduced card with green color picture in the center', 'a tan card with a cactus on it an arrow and words sitting on a dark surface', 'a one month bus pass for valley metro', 'the card is shaped like a rectangle and says insert with a pointy plant on it']"
27049,VizWiz_val_00003618.jpg,a person is wearing a blue shirt with white text on it,"['a partial view of a cornbread box in the trunk of a vehicle', 'a box of medicine is on a case for a device', 'a small corner of a box of corn muffin mix', 'jiffy cornbread mix meant for making corn muffins or corn bread']"
24306,VizWiz_val_00000875.jpg,a computer screen with an error message on it,"['a computer screen displaying an online form and pop up box for an unknown process', 'dell computer screen showing green bar and another popup window on the screen', 'a computer screen with the print window open and a web page with green lines in the background', 'a computer screen showing a program and a windows message', 'looking at a computer screen displaying information in tables']"
27517,VizWiz_val_00004086.jpg,a picture of a computer screen with a blue screen,"['a room containing flowers a bookshelf a large chair and a hearth', 'a room with a bookshelf fireplace and chairs and wood flooring', 'a living room with a fireplace and decorative vases with pink flowers', 'a living room with hardwood floors and a fireplace flanked by two large floral arrangements', 'a room has full of furniture shown on the table']"
30569,VizWiz_val_00007138.jpg,a close up of a computer screen with a blue screen,"['a package of food is on top of a table', 'a close in view of a television or computer monitor where you can see the individual pixels']"
23536,VizWiz_val_00000105.jpg,a computer screen with a blue background and white text,"['a computer screen asking to select the driver to be installed however there is an error screen saying no device drivers were found', 'a windows computer message that says no device drivers were found', 'a windows pc error message that says no device drivers found', 'a screenshot of a computer monitor showing an error for no device drivers being found', ""a laptop screen showing a 'no device drivers' alert""]"
26277,VizWiz_val_00002846.jpg,a person is holding up a bottle of lotion,"['a countertop with a coffee pot a phone book and a mail basket on it someone is holding something up to the camera but it', 'a table where coffee maker is put on and a basket of mail', 'coffee pot phone book and basket containing mail on a kitchen countertop', 'a black coffee maker is on a granite table']"
28853,VizWiz_val_00005422.jpg,the back of a box of food is on top of a table,"[""a computer monitor that's currently looking at a checklist"", 'the itunes application display screen is displayed on a computer', 'a media screen in blue and white containing a list of songs', 'computer monitor with itunes list of songs on the screen', 'a computer has the itunes application open with song and artist names']"
30705,VizWiz_val_00007274.jpg,a close up of a white piece of paper with black text on it,['a piece of cloth with butterflies and hands']
23999,VizWiz_val_00000568.jpg,a white piece of paper with black writing on it,"['a computer screen inside of a wooden desk or area', 'an image of a wooden cabinet with a pc laptop monitor', 'a computer screen is displaying a window with a message']"
26522,VizWiz_val_00003091.jpg,a person is holding a bottle of vitamin c crystals,"['a spray can of polysporin first aid antibiotic spray', 'front of a 3 point 17 ounce can of polysporin antibiotic spray', 'a 3 17 oz can of polysporin first aid antibiotic spray', 'a bottle of white polysporin spray that is used for first aid', 'someone holding a white bottle of first aid antibiotic spray']"
28972,VizWiz_val_00005541.jpg,a page from a book about <unk> and <unk>,"['a textbook turned to a page that explains different chemical structures', 'a white page of a science book with black text', 'a science book with molecular information maybe related to chemistry', 'a book open to a page explaining phenol with black text and pictures in different colors', 'page from a magazine or book showing diagrams of chemical molecules']"
31021,VizWiz_val_00007590.jpg,the front of a car with a car driving on it,"['a game on an iphone called what the brand', 'iphone screen has a game of cars on it', 'here is a screen of a phone that has a game pulled up that shows a blue background with 4 squares and each square has', 'a sprint cellphone screen with a 4 pictures of cars on a blue background of a game app is shown', 'on a smartphone screen there are four boxes with a car displayed in each and a question is being asked']"
27874,VizWiz_val_00004443.jpg,a person is wearing a blue t shirt,"['a pink blanket that has different stains right on it', 'a purple fabric has wrinkles and creases in it', 'someone with a purple colored shirt with a crocodile on it', 'a pillow is covered with a purple pillow case', 'a large blanket or cloth with a couple of wrinkles on it']"
26328,VizWiz_val_00002897.jpg,a white piece of paper with black font lettering on it,"['an article of white and taupe striped fabric has been draped flat and photographed', 'a piece of fabric with narrow stripes of tan and white', 'a fabric with white and brown stripes throughout', 'a striped piece of fabric with a crease at the bottom right']"
23771,VizWiz_val_00000340.jpg,a computer screen with a blue background and white text,"['a computer screen is displaying a message that states in text that it is doing a startup repair', 'a computer screen is showing a dialog box with startup repair information', 'a computer screen with startup repair box on top', 'a repair operation is being performed on a computer', 'a computer screen showing a startup repair pop up']"
30010,VizWiz_val_00006579.jpg,a page from a book that has been photographed on it,"['paper with questions about math equations with spaces for answering', 'a white color paper with some text on it', 'a piece of paper with writing on it laying on a comforter', 'a piece of paper is on top of a bed the paper has a lot of text on the page', 'a white piece of paper with some mathematical questions written on it']"
28158,VizWiz_val_00004727.jpg,the back of a box of food showing nutritional information,"['a nutritional label on a yellow box with black lettering with indistinguishable pictures', 'a box of ready to cook food shows the back nutrition facts label', 'nutritional facts and value table for a food ingredient', 'some nutritional facts instructions are displayed on the image', 'the nutrition facts of a yellow box of food']"
30131,VizWiz_val_00006700.jpg,a can of coca cola sitting on a table,"['a can of tesco spaghetti rings on a counter top', 'a can of spaghetti rings in tomato sauce is on a wooden table', 'a can of ring shaped pasta in tomato sauce']"
30896,VizWiz_val_00007465.jpg,a living room with a tv on the floor,"['a doorway entry to a small kitchen area', 'a place in the house where food is prepared or cooked', 'apartment with kitchen contain refrigeration closet and microwave', 'a kitchen with a white cabinetry showing a fridge and microwave', 'an open door leads into a kitchen in a home']"
28454,VizWiz_val_00005023.jpg,a can of food is on top of a table,"['here is a picture of a bottle of keurig', 'a box of keurig coffee sitting on a tablecloth being held by a hand', 'a plastic package of keurig coffee pods on a table', 'a package of single service coffee pods designed for specific machines', 'a white and brown container of italian roast coffee depicting a river scene with boats']"
29167,VizWiz_val_00005736.jpg,a view of a parking lot of a building,"['a building on the other side of a window during a day with overcast', 'i see a glass window that has a building on the outside', 'clear window showing a street and a white building outside', 'a glass window with a view of some buildings a street light and a road', 'a view out of a window facing some buildings']"
25942,VizWiz_val_00002511.jpg,a can of food is on top of a table,"['a flat short tin can on a very dark background', 'a close up of a small can with the nutrition facts showing', 'a close up of a small canned good that looks like a tuna fish can', 'a small food can on some black fabric with the label showing nutrition facts', 'the nutritional facts on the back of a can']"
29922,VizWiz_val_00006491.jpg,a bottle of hand sanitizer sitting on a table,"['a bottle of unopened shampoo sitting on a open laptop keyboard', 'a shrink wrapped bottle of medicine sitting in front of a laptop computer', 'a sealed bottle of shampoo on a desk with a computer in the background', 'an unopened bottle of shampoo is next to a laptop computer', 'a computer and a bottle of shampoo setting on a table']"
30494,VizWiz_val_00007063.jpg,a package of food is on top of a table,"['a box with train toy cars is held up', 'i see a box with small windows that may be a new fuse selection', 'a box with various types of model train cars visible through clear plastic and labels of the type of train car above the opening', 'some sort of device that has text on it', 'a package that holds different pieces to a toy train']"
24276,VizWiz_val_00000845.jpg,a picture of a building with a blue sky,"[""a laptop has multiple windows open and there's a photo of train tracks"", 'appears to be a picture showing a wooded area with dirt road', 'the view out of a window shows railroad tracks between a road and an overgrown area with bushes in front and trees in back', 'a picture of railroad tracks is displayed on the monitor']"
25445,VizWiz_val_00002014.jpg,a white piece of paper with black text on it,"['a note that has hi written in blue ink', 'a white piece of paper has a short english greeting lettered on it without punctuation', 'a white background with blue test that reads hi', 'the word hi written in blue on a white surface', 'i see a word that says hi written in blue marker on a white paper']"
28679,VizWiz_val_00005248.jpg,a white plastic bottle with a white cap on top of it,"['birthday greeting card with jewelry box and bracelets and earrings', 'a birthday card being displayed on a kitchen counter', 'a greeting card stands on a sun splashed kitchen table wishing you happiness on your special day', 'a birthday card is standing up on a white table', ""a card celebrating someone's special day is being displayed on the edge of the table""]"
29221,VizWiz_val_00005790.jpg,a package of food is on top of a table,"['a package of tai pei brand garlic shrimp featuring a new and improved recipe', 'a paper package of taipei garlic shrimp', 'a cardboard box of tai pei brand garlic shrimp', 'a tai pei frozen shrimp dinner is on display', 'a box of tai pei garlic shrimp instant food']"
28384,VizWiz_val_00004953.jpg,a blue and white fish tank with a white background,"['a living room with a fireplace and mantle with a candle on it and to the left is a sun clock or mirror with the', 'a image of a room with a fireplace', 'a living room with a fireplace clock and some figurines on a mantle and pictures on the wall', 'a room has a fireplace various knick knacks and a silver plate on one of the walls', 'a fireplace is visible with various decorations on the mantle']"
24057,VizWiz_val_00000626.jpg,a red and white box of <unk> <unk> coffee,"['the sally beauty membership club card is green', 'card for sally beauty club member expiration date is cut off but may be june 2012', 'a sally beauty club store membership reward card', 'some type of object that is black and green', 'a backwards shot of a green membership card on a black surface']"
25075,VizWiz_val_00001644.jpg,the back of a box of <unk> <unk> <unk>,"['a city of houston utility notice with return postage paid card attached', 'a yellow appointment card for a utility issue on a granite countertop', 'the yellow slip of paper is sitting on top of a black granite table', 'someone is standing beside a piece of paper that requests you to mail it', 'a postal card is placed on the black stone table']"
29429,VizWiz_val_00005998.jpg,a package of food is on top of a table,"['orange and plastic bag of sunflower seeds on a desk', 'a orange bag of tesco sunflower seeds on a table', '100g bag of tesco brand shelled sunflower seeds', 'a seeds packet keep on the table shown in the image', 'yellow orange bag of sunflower seeds by tesco holding 100 grams of sunflower seeds']"
26741,VizWiz_val_00003310.jpg,a close up of a white piece of fabric,['a bathroom sink with exposed plumbing at the bottom']
26561,VizWiz_val_00003130.jpg,a close up of a cartoon character with a cartoon character on it,"['a stuffed animal box for a pink penguin', 'a box of what seems to be a board game with a picture of a large pink penguin on a grassy land with a brown', ""a children's toy in a box with a cartoon penguin on it"", ""a pink and white penguin graphic on a child's boxed toy"", 'a pink penguin on a box sitting sideways']"
30486,VizWiz_val_00007055.jpg,a person is wearing a blue t shirt,"['a person has their hand on a bed', 'a grey piece of fabric lays upon a piece of furniture with a floral design', 'a person has his hand on top of a cushion', 'a floral print cloth with black socks draped over']"
30327,VizWiz_val_00006896.jpg,a one dollar bill is on top of a table,"['a fancy looking gold coin with an eagle on it', 'a slightly dirty half dollar coin from the united states on a blue background', 'a half dollar american coin resting on a black table', 'an up close fifty cent piece that is laying on a black velvety surface', 'the tails side of a us quarter with the eagle on it']"
26028,VizWiz_val_00002597.jpg,a person is holding up a container of yogurt,"['a box of breakfast sandwiches sits on a clean countertop near the top part of a can opener', 'a yellow color paper pack bacon egg and cheese', 'an image of an orange box with a picture of a father and a son riding bicycles and a bread with cheese at the middle', 'a tasty and sweet product of bacon egg and cheese containing this food', 'a box of frozen food from kroger containing bacon egg and cheese croissant sandwiches']"
23644,VizWiz_val_00000213.jpg,a computer screen with a pop up window on it,"['showing a computer screen starting a system repair', 'computer screen showing a message from startup repair that windows cannot repair this computer automatically', 'computer monitor with a startup repair window displaying message windows cannot repair the computer automatically', 'an error message saying windows cannot repair this computer automatically', 'a windows window open telling the user that windows cannot repair this computer automatically']"
28268,VizWiz_val_00004837.jpg,a person is holding up a piece of paper,"[""a person's thumb is held over the sink"", 'someone hand is above a white sink and only the thumb is clearly seen', 'a hand is in front of a white bathroom sink', ""a person's left hand and thumb on top of a white ceramic surface"", 'a person is holding their hand over a sink']"
30579,VizWiz_val_00007148.jpg,a white bottle of lotion is on top of a wooden table,"['three white disposable cups the one on the right is the largest', 'here is three cups with coffee lids the cups and lids are completely white they are sitting on a wooden table and there is part', 'three paper cups with lids are on a table', 'three things are white in color and they are placed on a wooden table', 'a set of three disposable coffee cups all white with lids']"
26021,VizWiz_val_00002590.jpg,a package of meat is on top of a table,"[""a single serve package of stouffer's brand meatloaf dinner"", ""a box of stouffer's satisfying servings meatloaf frozen tv dinner"", 'a red frozen stouffer s dinner of meatloaf and mashed potatoes meal', 'an image of a microwavable lunch in on a wooden table', ""pre made stouffer's brand meatloaf with mashed potatoes and without any preservatives""]"
24787,VizWiz_val_00001356.jpg,a can of campbell's tomato soup on a counter top,"['a colorful aluminum can with label containing sliced carrots', 'a can of sliced carrots resting on a stove top', 'aluminum can of crest top branded sliced carrots', 'a tin can of sliced carrots sitting on a stove top', ""a can of carrots lying on it's side on the top of an electric stove""]"
29968,VizWiz_val_00006537.jpg,a bottle of body lotion is on top of a table,"['a value size box of tums maximum strength is shown with a price tag pasted on reading 9 99', 'a plastic bottle of a popular antacid medicine stands in front of a landline phone', 'a part of a plastic container of tums antacid', 'a portion of a container of tums is displayed', 'a 160 count bottle of tums brand antacid']"
30988,VizWiz_val_00007557.jpg,the back of a package of food showing nutritional information,"['a piece of paper about what to do when you miss a delivery', 'a brochure with a check mark right on the table', 'package delivery slip for a missed delivery with options listed', 'a picture of a label of some sort with white and yellow background with black lettering', 'a delivery receipt is left of the ground']"
30423,VizWiz_val_00006992.jpg,a close up of a book that is on top of a table,"['a computer screen with the letters sur very large and ocean and rock below', 'a digital screen displaying an ocean and rock', 'a close up shot of a television screen that shows the letters sur', 'a tv screen with a ocean picture and the name sur on top of some rocks']"
30769,VizWiz_val_00007338.jpg,the back of a can of food is on top of a table,"['part of a large black object that is adjacent to a window is shown', 'a can of soda being held by the top', 'a pepsi can is being held over a sink', 'the back of a blue can of pepsi displaying nutrition information and ingredients in white text', 'a pepsi can held up in front of a sink and cabinet']"
28510,VizWiz_val_00005079.jpg,a bag of hot cocoa mix,"[""a bag of cherry cordial filled hershey's kisses"", ""a bag of hershey's kisses chocolates are on a table"", ""a package of cherry flavored hershey's kisses the package has its product described on the package in text"", 'transparent package filled with cherry cordial of kisses brand', 'a bag of candy is on top of a table']"
28499,VizWiz_val_00005068.jpg,a laptop computer screen with a blue screen,"['a black screen shows a digital white keyboard', 'a upside down screen with an onscreen keyboard', 'a picture of a part of a tablet with the keyboard shown the tablet is black', 'a digital screen with a keyboard open with a black screen with a colorful bird on it', 'a close up view of an upside down partial touch keyboard screen on a computer tablet sitting on a wooden surface with a reflection of']"
24821,VizWiz_val_00001390.jpg,a computer screen with a blue screen and a blue background,"['a black asus brand laptop with a white window open on the screen', 'a windows prompt on screen on an asus laptop', 'an open laptop showing part of the keyboard and screen with something on the screen', 'blurry image of laptop screen show an error or installation requirement', 'pictured is a computer screen in a start up mode screen']"
26508,VizWiz_val_00003077.jpg,a white thermostat is on top of a wall,"['in this picture lies a thermostat on a wall', 'a small little device that has the time on it and four little buttons on it', 'a small grey machine with 928 written on it', 'this could possibly be a timer a stopwatch or a clock since it is an object that tells time']"
29874,VizWiz_val_00006443.jpg,a close up picture of a white piece of fabric,['a red flat surface with no additional items']
25557,VizWiz_val_00002126.jpg,a white electronic device is on top of a wooden table,"['a white iphone sitting on top of a leather chair', 'an electronic device which is used to talk', 'a white phone is sitting on top of a brown leather cushion', 'a white bordered cell phone with a black screen sits atop a piece of brown leather furniture', 'a cell phone is laying on a piece of furniture']"
29297,VizWiz_val_00005866.jpg,a glass bottle of lotion is on top of a table,"['can of beans that is on a marbled kitchen counter', 'stove next to a yellow and brown granite countertop that has a can on it', 'heavy hard round in shape tin can has some text on it also has a label that is attached', 'canned goods sitting on a stone counter next to a black stove']"
30810,VizWiz_val_00007379.jpg,a computer screen with a blue background and white text on it,"['a startup repair prompt on a windows pc is running', 'a computer screen with a file being displayed that says startup repair', 'a computer screen showing the need for repairs', 'a computer screen shows a dialog for startup repair', 'a computer screen is showing that the computer was unable to start']"
25238,VizWiz_val_00001807.jpg,a computer screen with a blue screen on the screen,"['a blue color cover is covered a white color device which is on the table', 'a close up of some sort of blue bottle with a printer in the background', 'a blue screen with a desk in the background and printer']"
28142,VizWiz_val_00004711.jpg,a can of food is on top of a table,"[""a kind of chunky chili with it's black and red label on it"", 'a round tin can of chili rests on a white surface', 'seems to be a picture of a can of chili', ""a can labeled campbell's chunky chili with beans"", 'a can of chili laying on a white stovetop']"
24380,VizWiz_val_00000949.jpg,a man wearing a woman wearing a black shirt with a white shirt,"['a man wearing a blue shirt with old navy written across the chest in white and orange', 'man standing in a bedroom next to a tall white shelf wearing a navy blue and white t shirt that says old navy on the', 'a man in a dark blue shirt and light pants standing in a room', 'a man with hairy arms wearing a old navy shirt and shorts', 'a man is wearing shorts and an old navy dark blue t shirt']"
29040,VizWiz_val_00005609.jpg,a person is holding up a bottle of lotion,"['bedroom with a tv dresser with mirror and a pink balloon hitting the ceiling', 'a nightstand and lamp sitting in the corner of a room', 'interior room a dresser with mirror a light and small items on the dresser', 'a bedroom set with decorative items that may cause a fire hanging over a lamp']"
27380,VizWiz_val_00003949.jpg,a person is wearing a blue shirt with white text on it,"['image is clear and it contains a word', 'a striped shirt with green writing on it', 'a button up baseball jersey with green writing', 'some sort of jersey with green text on it']"
24477,VizWiz_val_00001046.jpg,a page from a book about <unk> and <unk>,"['a page with many paragraphs of texts and numbers are seen', 'white paper with a long black text and fine print', 'part of the text describing a class action lawsuit', 'a notice of a class action lawsuit involving motorola securities', 'notice of pendency of class action purchased of otherwise acquired publicly trade section through january 4 2007 inclusive']"
25409,VizWiz_val_00001978.jpg,a close up of a blue bottle with a blue label on it,['a white object with very big blue letters']
24692,VizWiz_val_00001261.jpg,a person is wearing a blue shirt with white buttons,"['a gray item in clear plastic on a green and white cloth next to a white pillow', 'a blanket or a curtain or a sheet with a hippy pattern on it', 'a piece of plastic laying on a bed with a cover that has circular designs', 'a person lies on a rug with an object to their left']"
28628,VizWiz_val_00005197.jpg,a close up of a white piece of fabric,"[""what appears to be someone's forearm running diagonally across the picture""]"
23600,VizWiz_val_00000169.jpg,a bottle of body wash is on top of a wooden table,"['the back of a can of low caffeine soda on a brown desk', 'back label of an orange and silver aluminum can', 'a soda can that is showing the nutrition facts and is silver and red', 'a gold and orange can sitting on a wooden surface in a room', 'a can of soda is sitting on a wood surface']"
25084,VizWiz_val_00001653.jpg,a person is holding up a bottle of lotion,"[""an image of a person's hand viewed in a close range"", 'a person is holding their hand out and has a long thumb nail', 'a part of the body which have fingers having nails', 'a person has her hand extended in a wave motion on top a table', ""pictured is what appears a woman's left hand over a desk or a table""]"
30372,VizWiz_val_00006941.jpg,a close up of the road of a car,['a piece of black cloth or lace silhouetted against a bright light']
23689,VizWiz_val_00000258.jpg,a computer screen with an error message on it,"['a section of a computer screen with a pop up box running an administration program', 'a computer screen has a settings menu loaded in front of a tech support window', 'a computer screen showing a tech support page', 'a computer screen for tech support on a computer', 'a part of a computer screen that shows some tips from tech support']"
29763,VizWiz_val_00006332.jpg,a person is holding a bottle of medicine,"[""a green pack of three batteries being held inside a man's hand"", 'someone is holding a lithium battery in there hand', 'a person holding dantona with batt 446 on it', 'a battery pack in a green casing with a white label', 'a person is holding a battery pack of three coverage in green plastic wrap']"
23764,VizWiz_val_00000333.jpg,a computer screen with a red and white screen,"['a close up of a black laptop screen showing a page from the apple store', 'a apple macbook screen showing the itunes app open with a bed in the background', 'the top of a computer screen in the foreground and the back of a beige bed frame in the background', 'a laptop is being used inside of a bedroom', 'a computer is in a room with a crib']"
28889,VizWiz_val_00005458.jpg,a book about <unk> <unk> <unk> <unk>,"['beautiful mountainous advertisement magazine on top of a wooden desk', ""an rei flyer with the text 'wrap up the good stuff'"", 'a picture showing images of some people and an inscription wrap up the good stuff', 'front of a book magazine that says wrap up the good stuff', 'an advertisement for something using large white lettering in a winter setting']"
29997,VizWiz_val_00006566.jpg,the back of a box of food is on top of a table,"['a piece of paper with a bar code that says non negotiable', 'a barcode on an envelope lies on a table underneath a rectangular plastic device', 'part of a computer printer with a label under that says non negotiable', 'a plastic thing sitting on top of an envelope with a barcode that say non negotiable', 'a label with a barcode on it with a plastic piece on top of it']"
23997,VizWiz_val_00000566.jpg,a computer screen with an error message on it,"['a windows prompt screen asking for confirmation to begin a system restore', 'pictured is the right side of a computer screen in restore mode', ""a computer is undergoing a system restore as shown in it's monitor"", 'a windows message asking the user if they would like to perform a system restore']"
28874,VizWiz_val_00005443.jpg,a white piece of paper with black text on it,['something indistinguishable is shown as a shadow in front of a white textured surface']
25289,VizWiz_val_00001858.jpg,a close up of a washing machine that is turned on,"['a control knob for a dryer with six different settings on the control', 'a dryer control knob from bottom to top setting it goes air fluff wrinkle release delicates time dry wrinkle control and regular', 'a control knob for a machine that dries clothes', 'a knob to the dryer that shows the different options for drying clothes', 'a clear close up image of a dryer knob with a small protrusion that points to a setting for wrinkle control regular time dry delicates']"
26350,VizWiz_val_00002919.jpg,a white piece of paper with black font lettering on it,"['a circular light on a dark wood ceiling', 'a disc shaped object sitting on a wooden table', 'a white circular object on a dark stained wooden surface', 'a perfectly round white disc sits atop a smudged dark wooden surface']"
23861,VizWiz_val_00000430.jpg,a computer screen with an error message,"['an identification page on a computer screen to be filled out', 'computer monitor is pictured with a website on display', 'a computer screen is powered on and displays a web page with a captcha screen', 'a computer screen with a captcha open on it', 'a computer screen with a code of letters and numbers that must be typed into a box and information about a hushmail account']"
30952,VizWiz_val_00007521.jpg,a laptop computer screen with a blue screen,"['an asus laptop computer with a magenta color on the screen', 'an open laptop on a desk displays a purple and blue screen', 'asus laptop computer with 3 4 of the screen magenta colored and the 1 4 of the screen is black', 'a grey laptop with black keys open with a pink and purple screen', 'an older model laptop computer displaying a pink and black screen']"
29718,VizWiz_val_00006287.jpg,a computer screen with a blue background and white text on it,"['a laptop screen displaying an audio recording program', 'a laptop that is running windows xp and has a web page open', 'a laptop that has some sort of older web browser on the screen', 'pictured is a computer screen conducting an avg security search', 'the screen on the device is white and trimmed in blue and there is a black keyboard used to type']"
23592,VizWiz_val_00000161.jpg,a white wall with a white wall and a wooden door,"['living room where there is an old white tv with a car being shown a blue carpet yellow walls and a white analog clock above', 'a television set on a small wooden stand against a wall with a clock next to some unplugged electronic audio devices', 'a clock sits against a yellow green wall above a tv and rug and the entire image is rotated counter clockwise 90 degrees', 'a room with a tv and on the tv it is showing a car', 'grey tv set on top of a brown tv stand']"
27353,VizWiz_val_00003922.jpg,appears to be a picture of a wall,"['a black computer screen with info of a missing file', 'texts displayed on a screen stating file is missing', 'a black computer screen with the text file is missing visible', 'a file is missing is shown on a computer screen', 'a black background with file is missing written in white']"
24107,VizWiz_val_00000676.jpg,a laptop is open and turned on,"['a laptop laying upside down on a coffee table', 'an electronic device with a screen and two wires attached to it', 'a black tablet is laying on a table', 'an image of an electronic device that has a screen that is mostly white', 'light blonde table top with two laptops on top of one another']"
25524,VizWiz_val_00002093.jpg,a wooden table with a black handle is on top of a wooden table,"['appears to be a picture of a fork', 'a steel spoon which has needle like design which is used to eat noodles', 'a type of spoon called a fork is placed on a wooden place', 'a photo of a dinner fork on a table', 'a single silver fork laying on a wooden table']"
26947,VizWiz_val_00003516.jpg,a view of a window with a large building and a window,"['a wood chair back rest by an open window', 'chair that is next to a window frame in a room', 'a dark wooden chair in front of a set of glass paned double doors leading to a balcony', 'a view out a set of french doors overlooking a tree with a brick building in the background', 'an outside picture on a shot outside from a table inside']"
29743,VizWiz_val_00006312.jpg,a box of food is on top of a table,"['a corner of a window with a ladybug figure on the ledge and a box that a pasta dish came in', 'a box of hohner frikassee sitting on a ledge', 'a white cardboard box containing a german frozen dinner', 'a package of tip food with text in non english', 'a tip huhner frikassee mit champignons spargel meal that looks like chicken noodles peas and carrots sits on a white surface beside a plastic red']"
25744,VizWiz_val_00002313.jpg,a computer screen with a pop up window on it,"['a picture of a windows microsoft software license terms', 'pop up box with license terms on a laptop screen', 'a laptop is shown that has an install window open on the screen', 'laptop screen with a blue wallpaper and a grey box with black text', 'a computer screen displaying windows operating system installation instructions']"
30278,VizWiz_val_00006847.jpg,a white piece of paper is on top of a wooden table,"['a blank piece of white plastic is resting on top of a piece of wooden furniture', 'a blank white sheet of paper on a light wood table', 'at ground plain level sheet is available near black', 'corner of white paper envelope laying near edge of polished wooden surface with other objects seen laying below the edge of the wooden surface']"
29822,VizWiz_val_00006391.jpg,a black and white cat is sitting on a couch,"['several dogs sleep on blankets on a leather couch', 'two dogs curled up next to each other laying on top of a bed', 'a black and a multi colored dogs are both laying on a tan comforter with a blue blanket next to them', 'a black dog with red studded collar and a golden blonde dog curled on a couch covered with multiple comforters', 'two small dogs curled up taking a nap on blankets on a couch']"
26244,VizWiz_val_00002813.jpg,a computer screen with a blue screen with a blue screen,"['a very large green table with a lip on the edges', 'the view of the tops of some desk or tables']"
26154,VizWiz_val_00002723.jpg,a person is wearing a blue shirt with a white collar,"['a person holding a powered off black phone to the camera', 'a hand is holding a black cell phone', 'someone is holding a black object probably a cell phone', 'the front of a cell phone screen that is not turned on being held by a hand with a window in the background', 'the front of a smart phone turned off and black']"
27223,VizWiz_val_00003792.jpg,a living room with a tv on the wall,"['someone is holding a white plastic bottle and in the background is a door with a window in the middle and a shelf with a', 'different tapes are stacked up on the shelf', 'a shelf system with several books and a speaker system', 'an organized shelf with binders a music system and a door to the right']"
25185,VizWiz_val_00001754.jpg,a white thermostat is on top of a white wall,"['thermostat displaying the temperature with several different buttons functions', 'an m s systems control panel with options for tuning tone power and volume', 'the digital display screen and buttons on a white radio', 'electronic device white in color with digital display', 'an electrical panel of a unit is set to 999']"
26158,VizWiz_val_00002727.jpg,a bottle of wine is on top of a table,"['a hand holding a white bottle of shampoo for hair volume', 'a 40 ounce bottle of sheer volume shampoo', 'a person is holding a container of shampoo the shampoo has the description in text on the container', 'a person is holding a bottle of v05 shampoo', 'a 40 ounce bottle of sheer volume shampoo']"
30487,VizWiz_val_00007056.jpg,a package of food is on top of a table,"['the corner of a white packaged food or dietary item', 'the top corner of a package of something sitting on a dark surface']"
25589,VizWiz_val_00002158.jpg,a package of food is on top of a table,"['a superhero wrist watch with a male figure in green on the face', ""a close up of a watch featuring an animated character on it's face along with a digital display"", 'a digital watch with a cartoon figure on the face with red hair and wearing a bright green jumpsuit', 'a watch featuring the cartoon character known as ben ten time reads 4 56', 'a watch with a cartoon character and a shoe in the background']"
30401,VizWiz_val_00006970.jpg,a package of coffee is on top of a table,"['a box with some kind of writing is on top of a table', 'a small box of blue buffalo dip mix', 'a package of soup is lying on top of a table', 'a black box pasta on a round kitchen table that is brown', 'a black package with wind willow written on it']"
24937,VizWiz_val_00001506.jpg,a package of <unk> is sitting on a table,"['a food container sitting on a printed table cloth', 'a box of ginger peach herbal tea is on a table', 'a white and yellow paper pack of ginger peach herbal tea', ""a box of president's choice ginger peach herbal tea"", 'an opened box of individually wrapped ginger peach tea bags']"
27282,VizWiz_val_00003851.jpg,a black stapler is on top of a wooden table,"['a set of silver keys it appears to have four keys on a keyring which also has two gadgets one is black and may be', 'five keys on a key ring with a fob and a flash drive', 'a key ring with 4 keys and a clicker on it', 'a keyring with several keys and a black round keychain', 'a full set of car keys on a counter top']"
24554,VizWiz_val_00001123.jpg,a computer screen with an error message on it,"['a computer screen showing a fault in nonpaged area message', 'a part of a blue computer screen with crash information', 'a computer screen is displaying a window with a message', 'a computer screen is displaying the blue screen of death error', 'computer screen containing an error message called page fault in nonpaged area']"
27008,VizWiz_val_00003577.jpg,a green piece of fabric with a white background,"['a green shirt looks brand new and never worn', ""a close up of a woman's torso in a neon green colored shirt"", 'a plain bright green shirt that is being worn by the photographer', 'a lime green blouse with the outline of a bra', 'picture of a green sheet or tablecloth']"
28810,VizWiz_val_00005379.jpg,a computer screen with a window open on the screen,"[""a person's arms one is holding a book and the other is reaching for something from the table"", 'several books and papers are on a desk', 'person with a red shirt holding a book open and standing behind a table with large books', 'a frame of a show on a digital screen', 'someone holding an open book at a table while reaching for something']"
24125,VizWiz_val_00000694.jpg,a person is holding up a piece of paper,"['hand holding a package or a label with carpet in the background', 'a hand holds a folded paper above a brown shag rug', ""someone's hand holding an item with a lot of small printing on it"", ""a person's hand holding a credit or debit card"", 'a hand is holding a white receipt above a very soft brown blanket']"
23657,VizWiz_val_00000226.jpg,a laptop computer screen with a blue screen,"['appears to be a picture of a laptop screen', 'a laptop displaying some window opened and sofas were seen', 'a laptop that is open and is turned on', 'a laptop screen with a downloading window opened', 'black tablet turned on in teal case with download picture displayed']"
28984,VizWiz_val_00005553.jpg,a white piece of fabric with a white stripe on it,"['image was unclear but it was not item', 'the top of a piece of clothing that is light blue or grey that has white strings on it']"
28145,VizWiz_val_00004714.jpg,a book with a cartoon character on it,"['a sesame street book with multiple characters on it', ""a children's book is right on top of the table"", ""a cover to a children's book that is sesame street themed"", 'a close up of a sesame street book about seasons and zoe is on the cover', 'a child sesame street book featuring zoe and a butterfly']"
28382,VizWiz_val_00004951.jpg,a bottle of body wash with a white label on it,"['the back of a jar of tomatoes which shows the ingredients in the jar', 'a sealed jar containing some type of tomato sauce sitting on the floor', 'a clear jar of salsa with a green lid and green label', 'part of a label of a jar tomato sauce is shown on a tile floor']"
26718,VizWiz_val_00003287.jpg,a package of food is on top of a table,"['a bag of cut leaf spinach is on a white table', 'a frozen plastic bag of cut leaf spinach', 'a bag of frozen steam and serve cut spinach lying on a table', 'a package of frozen spinach labeled steam n serve has instructions on the front', 'a package of spinach is on top of a table']"
23655,VizWiz_val_00000224.jpg,a black remote control on a wooden table,"['small black phone with a blue image on the screen', 'a nokia cell phone is sitting on the table', 'the top half of a cell phone is shown laying on a table', 'the upper portion of a mobile phone on a wooden reflective surface', 'a cell phone is on top of a table']"
31068,VizWiz_val_00007637.jpg,a silver keyboard with black keys and white letters,"['a small section of a gray laptop keyboard', 'the command key can only be found on apple computer keyboards', 'close up of a silver keyboard with white keys', 'the middle of a mac keyboard showing some letters numbers and sound icons', 'a portion of a mac keyboard with white keys']"
28637,VizWiz_val_00005206.jpg,a computer screen with a captcha on it,"['directions for cooking fettuccine alfredo from this package', 'in this picture is a label of cooking directions', 'an instructions panel for fettuccine pasta is showing for stove top', 'stovetop directions for packaged pasta and alfredo sauce indicating to cook 1 1 2 cups of water 1 2 cup of milk and 1 tsp']"
24488,VizWiz_val_00001057.jpg,a computer screen with a captcha on the screen,"['a screenshot of an updates list on an ipad', 'screenshot of apps on the ipad that have updates', ""a screenshot of someone's app update page on their ipad"", 'screenshot of a phone open in the app store', 'a screenshot of a bunch of applications on a phone']"
27328,VizWiz_val_00003897.jpg,a black remote control on a wooden surface,"['black remote control with dust on top and black buttons', 'black tv remote control placed on a table', 'a remote has colors of blue light yellow black and grey and sits on a table top', 'a remote control that operates a tv vcr and audio speakers', 'a dusty remote likely for a radio cd player has various buttons with different functions including those related to radio cd and sleep']"
30917,VizWiz_val_00007486.jpg,a person is holding up a bottle of lotion,"['a shirt with buttons is generally light beige in color with some white and brown areas and has a natural pattern of large leaves all', 'a person is wearing a beige shirt with plant designs inside of a car whilst wearing a seat belt', 'a hawaiian looking shirt on a person with seatbelt on', ""a person's torso is shown with a tan and cream hawaiian shirt and a seat belt across the torso with the person's chin just barely""]"
29508,VizWiz_val_00006077.jpg,the back of a can of food showing nutritional information,"['the bottom half of a jim beam whisky bottle sitting on the floor', 'bottle of jim beam whiskey with the white label', 'a large glass bottle of alcohol sitting on a surface', 'a bottle of jim bean laid down on a carpet', 'a bottle of jim beam bourbon liquor on a rug']"
26805,VizWiz_val_00003374.jpg,a screenshot of a computer screen with a captcha on it,"['a screenshot of a smartphone google search for what is a replacement for r22', 'a screenshot of a phone on a google search looking for refrigerant', 'a picture of google results page on the phone', 'google results for a search what is a replacement for r22', 'a screenshot of a google search with images in it']"
30147,VizWiz_val_00006716.jpg,a computer screen with a window open on it,"['a tv or computer with a green loading bar on the screen', 'windows shows a loading screen on the monitor', 'a laptops screen is shown with a progress bar', 'a laptop on the startup screen as it is turning on']"
29123,VizWiz_val_00005692.jpg,a can of food is on top of a counter,"['an image showing a multivitamin pot on the floor', 'a jar of v05 obey and play gel wax', 'a container of hair gel wax is on a counter', 'a small container of v05 gel wax on top of a counter', 'a canister of v05 hair gel on a black counter']"
29034,VizWiz_val_00005603.jpg,a close up picture of a white piece of fabric,"['a falcon or hawk type bird sitting on a tree branch surrounded by leaves', 'a still image of a bird up in a tree during the daytime', 'what looks like some type of tv screen showing a bunch of green branches and trees and a brown owl in them', 'bird looking down at the camera from a branch in a tree', 'a bird sitting on a tree branch surrounded by green leaves']"
26232,VizWiz_val_00002801.jpg,a blue piece of fabric with a white background,['an article of blue clothing lies on a gray surface']
26673,VizWiz_val_00003242.jpg,a package of food is on top of a table,"['a packet of punch flavored kool aid is on the counter', 'a hard white surface with coffee stains and a pack of kool aid the tropical punch kind', 'a package of kool aid is on the stove', 'a dirty stove with a packet of kool aid sitting on it', 'upside down kool aid packet which is tropical punch flavor']"
23672,VizWiz_val_00000241.jpg,the cover of a book about <unk> <unk>,"['the front cover of a best selling book by clive and dirk cussler', 'cover of a book by new york times best selling authors clive cussler and dirk cussler and some papers inside', 'a clive cussler and dirk cussler book cover with the image of a modern steel speedboat against a ominous red orange sky with smoke in', 'the cover of a paperback book with white text and a yacht on it', 'a closeup shot of the cover of a clive cussler book']"
30802,VizWiz_val_00007371.jpg,a person is holding up a bottle of lotion,"['someone is holding a cup with a brown liquid', 'a person is holding a cup of coffee just above a couch', 'a hand holding a beige and brown cup of coffee', 'white and red mug of coffee being held up just in front of a fireplace with a christmas tree off to the side', 'some type of liquid that is in a container']"
27068,VizWiz_val_00003637.jpg,a computer screen with a web page pulled up,"['a quick start guide for a vtech brand phone', 'i see a box with a phone and hand phone', 'the front of quick start guide for a set vtech home phones', 'quick start guide for a vtech careline phone', 'an owners manual for a vtech careline home phone system']"
25697,VizWiz_val_00002266.jpg,a person is wearing a pink shirt,"['a box of kleenex antibacterial tissues next to some dvds in paper envelopes', 'purple and white tissue box sitting next to white cd sleeves on a beige colored countertop', ""a purple and white designed tissue box with a white tissue sticking out of box's top"", 'a box of tissue with a purple and white design on it', 'a purple box with a white tissue at the top']"
25250,VizWiz_val_00001819.jpg,appears to be a picture of a wall,"['a bottle of ophthalmic suspension with a pink cap laying on its side', 'a white plastic medicine dropper bottle with a pink cap rests on a wooden table', 'a kind of drops for the eyes is laying on the wooden surface']"
27501,VizWiz_val_00004070.jpg,the top of a crock pot that is on top of a table,"['a picture of someone standing on a scale or maybe a scooter', 'a pair of brown work shoes holding down an air pressure gauge', 'a person is using a foot pump with a pressure gauge', 'a grey colored scale with someone on it', 'a pressure gauge with a black face and white numbers currently with the red needle pointing to 40 psi']"
25259,VizWiz_val_00001828.jpg,a computer screen with a window open on it,"['a radio with an antenna extended from the top', 'a black alarm clock or radio with the antenna up', 'a pair of white cabinet doors in a room with white walls']"
28477,VizWiz_val_00005046.jpg,a white thermostat is on top of a wooden surface,"['a thermostat on a wall set at 69 degrees', 'a digital thermostat is mounted on the wall with a display and two buttons', 'a white thermostat has been attached to a white wall', 'a white home gadget on a white surface', 'a white digital thermostat control and display panel mounted on a white wall']"
30598,VizWiz_val_00007167.jpg,a package of food is on top of a table,"['a large ziploc baggie full of pretzel sticks', 'a clear plastic bag of pretzels with a white and brown label is on a white counter top', 'an open bag of pretzels sitting on a table with a tablecloth', 'bag of pretzel sticks in large ziplock bag']"
27990,VizWiz_val_00004559.jpg,a person is holding up a bottle of lotion,"['a person holds up a blank sheet of paper in his hand', 'you can see fingers holding a piece of paper and part of the neck and chin of the person holding it', 'photo of a hand holding a blank paper', 'persons hand holding a white sheet of paper with no text', 'person holding up a piece of paper in front of them']"
29596,VizWiz_val_00006165.jpg,a black leather wallet sitting on a wooden surface,"['a desk with a bunch of papers a notebook in a leather cover a stapler a staple remover and some sort of machine with button', 'a leather bound book that says tropical on it', 'a leather case with a side pocket labeled as pinturas tropical', 'on an office desk there is a large black planner', 'a leather portfolio is lying on top of a desk']"
29704,VizWiz_val_00006273.jpg,a box of food is on top of a table,"['a green package has a image of coffee beans on it', 'a green box of coffee is sitting on a surface the package has its product description displayed on it in text', 'a close up of what looks like a box of coffee grounds or beans', 'a green package with pictures of coffee beans']"
27922,VizWiz_val_00004491.jpg,a can of food is on top of a table,"['cans of tomato soup on a white shelf', 'two canned tomato sauce with basil standing beside each other', 'two tin cans of harvest tomato with basil soup', ""two cans of campbell's select harvest tomato soup with basil sitting on a white surface"", 'two cans of soup are on a counter']"
26926,VizWiz_val_00003495.jpg,a person is wearing a blue shirt with a white collar,"['a fabric with a classic army camo design', 'a camouflage print fabric rests on a surface', 'a cloth in camo print most likely a shirt']"
26683,VizWiz_val_00003252.jpg,a person is holding up a bottle of lotion,"['a glass jar of food with a purple lid', 'the nutrition label on a jar of food', 'glass jar with dark brown contents and a purple label and purple cap', 'a person holding a pink jar of salsa or possibly jelly', 'someone is holding a glad jar containing a good item']"
29757,VizWiz_val_00006326.jpg,a white piece of paper with black font lettering on it,"['a brown box with a white barcode label on it', 'sticker with barcode and serial number stating color and country of origin', 'a shipping box with a large upc label', 'a made in china upc label on a brown box']"
25918,VizWiz_val_00002487.jpg,the back of a container of food showing the ingredients on the back,"['the lid of a organic low fat yogurt that has 2 milkfat', 'a round plastic tub with a pull off lid is plain lowfat yogurt', 'a white plastic lid for organics brand plain low fat yogurt', 'white plastic container of organic plain lowfat yogurt', 'a single container of organics plain low fat yogurt']"
26365,VizWiz_val_00002934.jpg,a brown wood table with a wooden table in front of it,"['jar with a red sauce in it laying on wood floor', 'side view of a glass bottle that contains some kind of red sauce', 'a glass jar containing a red sauce on a very light gold hardwood floor', 'a dirty container sitting on top of a wooden table']"
23481,VizWiz_val_00000050.jpg,a close up of a computer screen with an error message,"['screenshot of an electronic device showing a list of media categories', 'a blurry image of the digital screen of a digital camera', 'the option menu of a black olympus cell phone', 'a phone showing its menu settings in white lettering']"
27408,VizWiz_val_00003977.jpg,a person is holding a bottle of lotion,"['a small white color take home container placed on a brown table', 'a takeout container sits on a light yellow wood table in front of a matching chair', 'a dining chair at a table with a takeout container on the table', 'a styrofoam box is on the wooden table', 'a wood table and chair with a to go food container sitting on the table']"
26603,VizWiz_val_00003172.jpg,the back of a box of food showing nutritional information,"[""view of back box of timothy's world coffee"", 'a close up of the back of a box of k cups', ""package of keurig's from timothy's world coffee the package is blue and it shows the website and story"", 'a cardboard box of individual keurig coffee cups', 'box of keurig k cups with coffee description side up']"
28242,VizWiz_val_00004811.jpg,a can of food is on top of a table,"['a glass container foil wrap some pans and cheese container on top of a table', 'a small square glass pan and a tub of cottage cheese a glass jar of tomato sauce and a box of noodles', 'some type of liquid that is in a container', 'a red white and blue box of pasta a jar of tomato sauce container of cottage cheese and a glass casserole dish', 'a glass baking pan sitting next to a jar of pasta sauce']"
29862,VizWiz_val_00006431.jpg,a view of a building with a building and a building,"[""a red and white building with a large metal fence directly in front there's and an entrance slightly to the left"", 'little cage that is next to some buildings', 'a white and brown building with clutter in the front', 'two story flats the one on the left has red brick the one on the right has white brick', 'a couple of houses the one over here has a fenced in backyard']"
23594,VizWiz_val_00000163.jpg,a computer screen is displaying a window with a message,"['a section of a dell computer monitor with a white screen and black letters displaying a captcha code entsursa', 'a captcha is displayed on a computer monitor', 'a monitor screen with some random letters on it', 'a black captcha on a white computer screen', 'the side left of a tv screen and a cable box']"
29262,VizWiz_val_00005831.jpg,a sheet of paper with a math problem on it,"['a sheet of music with pencil edits written on it', 'music formulas are beautifully described in a sheet', 'a copy page from a music notes with scales can be seen', 'a page of music notes are opened up on display', 'musical notes on a page with the letter e f b and c written on it']"
28314,VizWiz_val_00004883.jpg,a frozen pizza is on a wooden table,"['appears to be a picture of a cereal box', 'a box of cheerios with a picture of them in a heart bowl', 'a large yellow box of cheerios cereal with a heart shaped bowl of it displayed', 'small package of some snack more likely to chocolate', 'front of a box of honey nut cheerios featuring a heart shaped bowl cereal and strawberries']"
29900,VizWiz_val_00006469.jpg,a can of food is on top of a table,"['a can of soup positioned to see the nutritional information', 'pictured is the nutrition label of a food product', 'metal can of food with the nutritional facts shown', 'looking at the nutrients listed on a canned good']"
26678,VizWiz_val_00003247.jpg,a cup of coffee is on top of a table,"[""image is clear and it's a cover bag"", 'a green 25 starbucks gift card rests flat on a wooden table', 'a 25 dollar starbucks gift card that is laying flat on a table with a picture of a coffee cup on it', 'a 25 starbucks gift card still in the sales packaging sits on a wooden table', 'a gift card on top of a wooden surface']"
26935,VizWiz_val_00003504.jpg,a person is wearing a blue shirt with a white collar on it,"['appears to be a picture of a blanket', 'tan quilted fabric laid on furniture with a pillow', 'a brown and red quilted blanket with white ruffles', 'a quilt with brown red and eggplant colors and a ruffle at the top in white', 'a photo of a brown tan and coffee color blanket on a bed']"
25145,VizWiz_val_00001714.jpg,a black electronic device is on top of a wooden table,"['a book and a cd rom on a wooden table', 'a college book that is red and laying on a computer table with a black cd', 'a red textbook is right on top of the table', 'a book for college students is on a wood desk']"
23945,VizWiz_val_00000514.jpg,the back of a can of food showing nutritional information,"['a computer monitor with a lot of text on it', 'black screen on a computer like the boot up of windows dos', 'a black computer screen is shown with an error message on it', 'a lot of illegible writing on a computer screen', 'white words on a black surface possibly a computer screen with a window with mini blinds in the background']"
26900,VizWiz_val_00003469.jpg,a white ceiling fan with a white door,"['an on and off light switch panel on a wall next to a door panel', 'part of a wall and door frame with a plaque hanging on the wall', 'a tan light switch on a white wall']"
27316,VizWiz_val_00003885.jpg,a person is holding up a bottle of lotion,"[""a spray can in someone's palm with a wooden kitchen bar set in the background"", 'a hand holding a bottle of a spray product perhaps sunscreen', 'a hand holding a silver and blue can with a kitchen in the background', 'neutrogena spray on sunblock in a silver spray can']"
27961,VizWiz_val_00004530.jpg,a white piece of paper with black text on it,['a straight strip runs vertical on a bright wall']
26188,VizWiz_val_00002757.jpg,a can of food is on top of a table,"['tasty orange juice and 100 natural juice i love orange juice', 'a picture of the food is on the packaging', 'photo is of a carton of no pulp orange juice', 'a partial part of a hand is holding a 59 fl oz orange juice container that has no pulp', 'a carton of 100 pure orange juice without pulp']"
26832,VizWiz_val_00003401.jpg,a dog is laying on a tiled floor,"['a couple of dogs are both in the hallway together', 'a blonde lab retriever and another dog that is laying down', 'a yellow lab on a carpet with a bulldog lying next to him', 'image shows two dogs in a hallway', 'two doggos that are in a hallway area its white']"
26891,VizWiz_val_00003460.jpg,a person is wearing a black and white striped shirt,"['a person is sitting at a piano with wires coming out of the back', 'a black and white keyboard in a room with a black floor and wires around', 'a keyboard with the notes written under the white keys set up for use', 'a piano keyboard on a stand with some cables underneath']"
23961,VizWiz_val_00000530.jpg,a computer screen with a captcha on it,"['a confirmation page to an irs form on a confirmation page with the code 94f', 'a computer monitor displays a monitoring display on the screen', 'a computer screen that shows the confirmation code of 94f for a tax filing form 1098 e', 'laptop screen showing income tax filing information and a confirmation code', 'a screen of a computer showing some text on it']"
25205,VizWiz_val_00001774.jpg,a box of cereal is on top of a table,"['the top side of a pop tart box on top of a wooden table', 'appears to be a picture of blue pop tarts', 'a box of apple strudel pop tarts on a table', 'a color blue pack of pop tarts is placed on a wooden table', 'a package of apple strudel pop tarts is laying on a wooden countertop and white linoleum flooring can be seen in the background']"
29354,VizWiz_val_00005923.jpg,a black remote control sitting on a wooden desk,"['a large black desk phone with text on the display', 'a black telephone with black and white keypads as well as a digital screen', 'a dark grey landline telephone is sitting on a fringed cream colored mat with a striped comforter in the background', 'a special type of phone is sitting on a fringed blanket', 'a telephone on a surface covered in a rug']"
24695,VizWiz_val_00001264.jpg,a person is holding up a bottle of lotion,"['hand holding a baking cutter that is pink in color', 'shaped bracket that can be used for design of food or something else', 'a person is holding a pink plastic cookie cutter', 'a shiny pink hollow object that is very wavy all around', 'a person is holding a cookie cutter in their hand']"
29249,VizWiz_val_00005818.jpg,a person wearing a blue shirt with white polka dots on it,"['the inside of a closet containing various clothing items and socks', 'shirts and socks that are contained within a shelf', 'a wooden closet with various clothing is shown', 'image shows items on a shelf as clothes and a book', 'a stack of brightly colored clothing on shelves']"
26624,VizWiz_val_00003193.jpg,a person is holding up a bottle of lotion,"[""a blurry blue can of some sort of food laying on it's side on a table"", 'a food can out of the pantry the labeling is out of focus', 'a teal and white tin can of food', 'a picture of food is on the tin can']"
25347,VizWiz_val_00001916.jpg,a person is wearing a red t shirt,"['a brown table and a white wall with tan carpet', 'a table wall and floor and other objects', 'a very blurry image which looks like has a finger over the image']"
24678,VizWiz_val_00001247.jpg,a can of food is on top of a table,"['a top or bottom of a tin can of food', 'the top of a tin can of food has a printed ink label', 'bottom of canned food with expiration date shown', 'the top of a can containing its expiration date is shown sitting on a countertop', 'the top of a can of food on a marbled surface']"
31015,VizWiz_val_00007584.jpg,a laptop computer screen with a blue screen,"['a portion of a clear glass door is shown', 'a glass door with bright light from flash', 'large window with camera flash reflecting off window', 'a tinted glass gold brass door or window']"
24096,VizWiz_val_00000665.jpg,a box of coffee is on top of a table,"['i see a envelope that is laying on the table', 'a red box and letters are laying on a table', 'an image of a white envelope with a pink laying on top of the envelope', 'red box and letter sitting on a wooden table', 'small red box atop mail which lies on a flat horizontal surface']"
27939,VizWiz_val_00004508.jpg,the back of a package of food is on top of a table,"[""an open top box of sugar bush maple sugar from timothy's branding"", 'a hand holding a box of sugar bush maple', 'an open box of an sugar bush maple', ""a box of timothy's k cups coffee is held up to the camera with a list of ingredients"", 'a cardboard box of coffee k cups showing the side label listing the contents']"
26094,VizWiz_val_00002663.jpg,a can of food is on top of a table,"[""a hand holding a can of campbell's vegetable soup"", ""campbell's vegetable soup with red white and blue label"", 'a hand is holding a can of vegetable soup', ""caucasian right hand holding a can of campbell's vegetable soup in front of a tan painted wall and a grey and brown patterned carpet"", ""hand holding a can of campbell's vegetable and bean soup""]"
26230,VizWiz_val_00002799.jpg,a person wearing a black sandal with a white collar,"['i see a chair with wheels on it on the floor', ""several bundled rods are laying in a person's lap"", ""a kitchen knife laying on a box or paper on someone's lap"", 'a chair with wheels is on a brown carpet', 'some knives are on top of legs that have black pants']"
25687,VizWiz_val_00002256.jpg,a crock pot is on top of a table,"['a washer machine and dryer with a box of clorox brand detergent', 'white washing machine with a blue clorox package on it', 'a white washer and dryer set with a clorox box on the dryer', 'a cluttered washer and dryer with dryer setting at an angle', 'the box of clorox is on the dryer that is beside the washing machine']"
25373,VizWiz_val_00001942.jpg,a person standing on a scale that is on a tiled floor,"[""the lower half of a person's body standing on top of a scale"", 'someone in pink with blue dress standing over weighing machine', 'a person standing on an electronic scale with no results on the electronic screen', 'someone standing on a scale that is not giving a read out']"
25808,VizWiz_val_00002377.jpg,a person is holding up a bottle of lotion,"['slight side view of someone wearing jean material pants that have a rhinestone design below the pocket', 'a lady wearing a blue jeans and green jacket and left palm is touching on the right side of stomach', 'denim jeans for women that have pockets and zipper front', 'a person wearing jeans and a light green jacket', 'a blue jeans with green shirt with hand on the waist area close to the pocket']"
29416,VizWiz_val_00005985.jpg,a box of <unk> <unk> is on top of a table,"['video game case need for speed most wanted for playstation 3', 'a person hand holding a red color cd case', 'a video game box for ps3 called most wanted', 'a playstation video game with white and black cars on the label', 'a playstation 3 game that u can use to play']"
24070,VizWiz_val_00000639.jpg,a person is wearing a red shirt with a red stripe,"[""a close up of the corner of a person's open mouth"", 'a half opened mouth showing teeth and rosy lips', 'a mouth is really close to your personal space', ""a zoomed in image of someone's open mouth and lips"", ""a close up of half of a person's mouth""]"
27102,VizWiz_val_00003671.jpg,a package of food is on top of a table,"['just a small plastic packet of peanut sauce mix', 'a bag of peanut sauce mix has white lettering', ""a small bag of mama sita's kare sauce mix"", ""a packet of mama sita's peanut sauce mix"", ""a packet of kare kare peanut sauce from the brand mamsita's""]"
25713,VizWiz_val_00002282.jpg,a package of <unk> <unk> <unk> <unk> <unk>,"[""a frozen bag of chicken breast from trader joe's is on a table"", 'i see a package of chicken breast already smoked or flavored', ""clear plastic and black frozen chicken breast with peach and red label from trader joe's"", 'a package of pesto genovese chicken breast sitting on a white surface', 'a bag of chicken breasts are sitting on a white surface']"
25414,VizWiz_val_00001983.jpg,a box of macaroni and cheese is on top of a table,"[""a frozen dinner of marie callender's brand that is a herb roasted chicken dinner showing the picture of the chicken potatoes and corn"", 'a packaged herb roasted chicken with creamy mashed potatoes and corn', 'herb roasted chicken in a green microwavable box', 'pre cooked healthy frozen herb roasted chicken dinner box', 'a box of herb roasted chicken sits on a white counter top']"
28675,VizWiz_val_00005244.jpg,quality issues are too severe to recognize visual content it's too blurry to recognize visual content,['a blue white and purple background with a lot of brightness']
27471,VizWiz_val_00004040.jpg,a magazine cover with a picture of a man in the background,"['a dvd of where the red fern grows with a child running with two dogs', 'dvd of where the red fern grows on top of a stove', 'a copy of where the red fern grows on dvd', 'a dvd case for where the red fern grows laying on a white surface']"
27777,VizWiz_val_00004346.jpg,a coffee maker is on top of a table,"['a silver garbage can in a kitchen that is opened', 'an open silver garbage pail with garbage in it', 'a chrome trash can and a large white refrigerator are on top of a ceramic tiled floor', 'pictured is a trash can with an open lid up against a refrigerator', 'a garbage container with the lid open next to a refrigerator']"
29967,VizWiz_val_00006536.jpg,a white piece of paper with black letters on it,"['a yellow splenda packet with blue lettering on a surface', 'a single yellow package of splenda sweetener unopened and sitting on a white surface', 'a small packet of splenda sweetener on a counter top', 'a container box bottle that contains liquid goods', 'a yellow packet of splenda laying on a marble counter']"
30924,VizWiz_val_00007493.jpg,a green and white owl is on top of a table,"['a large bush with green leaves that open like flowers and has bunches of small orange flowers on top', 'orange flower blooms outside on dense green foliage', 'a group of blooming succulents next to a brick sidewalk', 'a bunch of flowers in a rose garden', 'a vibrant shrub of the flowering type possibly euphorbia milii']"
25736,VizWiz_val_00002305.jpg,a computer screen with a window open on it,"[""five candy gum with it's black case and color design"", 'a rectangular black object printed with a bright green and red logo sitting on a leather surface', 'a package of 5 gum is on a black plastic', 'a close up of a pack of gum with black packaging and neon yellow accents', 'a black box of 5 gum sitting on a black tray']"
28767,VizWiz_val_00005336.jpg,a white piece of fabric with a red stripe on it,"['a white gray and red plaid piece of fabric', 'a piece of soft plaid cloth that is red black and white', 'a fabric has a white black and red plaid design', 'a sheet with red white black and gray stripes', 'a grey and blue fabric with a long red line across it']"
25482,VizWiz_val_00002051.jpg,the back of a bottle of body wash,"['i see a tube of lotion on the table', 'the back side of a bottle of nivea body wash', 'a close up of the back some kind of bathroom or healthcare product', 'a bottle of lotion is right on the table', 'part of the back of a bottle of body wash']"
29741,VizWiz_val_00006310.jpg,a person is wearing a black t shirt,"['a pack of tilman thymotabs rests on a surface', 'a medicine sheet is on a counter with one pill already taken out', 'image shows cough drops with the name brand thymotabs showing in green text with an image of a green leaf on the label', 'thymotabs with one of the pills missing from it', 'a packet of medicine is sitting on a table']"
25581,VizWiz_val_00002150.jpg,a person is holding up a bottle of lotion,"['a yellow bottle with no label sealed with a blue and silver cap', 'a green glass bottle with a blue and silver cap', 'a green bottle with a blue screw on cap', 'a bottle of cologne or perfume with a blue cap', 'a yellow glass bottle of cologne being held by a left hand']"
27185,VizWiz_val_00003754.jpg,a bottle of hand sanitizer is on top of a table,"['a bottle of bed head tigi brand control freak hair product', 'a bottle of bed head control freak is on a sink', 'a bright green bottle of bed head shampoo', 'a green bottle of bed head control freak hair product is on a white counter near light green wall tiles', 'a green bed head control freak hair shampoo against bathroom tile']"
27389,VizWiz_val_00003958.jpg,the back of a box of food is on top of a table,"['a piece of paper that is right on top of the carpet', 'a us bank payment card quick reference guide from us bank', 'a letter from the bank is on a carpet', 'a white document with black ink regarding a bank payment card', 'a quick reference guide to a bank payment card']"
29671,VizWiz_val_00006240.jpg,a living room with a tv on top of a wooden table,"['a portable heater sitting on the floor next to a dresser', 'a small space heater in a corner by a door', 'silver portable heater plugged in next to an open door and a dresser on a pink carpet', 'a silver metal space heater plugged into a wall outlet next to a wooden chest of drawers', 'a carpeted bedroom in an apartment with an air purifier in the corner']"
24749,VizWiz_val_00001318.jpg,a water bottle is sitting on a table,"['image is somewhat blur and its a energy drink', 'a counter top with beer cans and white glasses', 'a counter with cans of bud lights and corona bottles', 'a black and white table with two blue cans of bud light', 'multiple cans of bud light beer and glass bottles and jars on a counter in front of a roll of paper towels']"
27151,VizWiz_val_00003720.jpg,a person is holding up a bottle of lotion,"['an electronic gadget the same size as of a human palm', ""a hand holding a black cell phone that's turned off"", 'some sort of mobile device that is black and reflective']"
30479,VizWiz_val_00007048.jpg,a picture of a computer screen with a blue screen,"['a living room area with carpet and a tv stand', 'the bottom of a television a wooden table a number of chords in a power strip', 'wooden tv stand with electrical wiring and tv sitting on the top', 'a television set on a wooden table and a bunch of wires running on the floor under it', 'a wooden tv stand with lots of wires on the carpet floor']"
26992,VizWiz_val_00003561.jpg,a can of food is on top of a table,"['can of food that has a label with blue beige green and orange colors', 'an ethnic food in a can is laid on a table', 'a can of bamboo shoots is on the counter', 'person holding a can of bamboo shoots in water', 'a can of bamboo in a blue wrapper with red letters and foreign characters on it']"
27639,VizWiz_val_00004208.jpg,a package of frozen dinner is on top of a wooden table,"['blue packaging for baked chicken with mushroom sauce on a wood table', 'lite and easy baked chicken with mushroom sauce food container', 'a frozen dinner is sitting on a table', 'a package of baked chicken with mushroom sauce frozen dinner', 'some type of liquid that is in a container']"
29467,VizWiz_val_00006036.jpg,a brown leather couch with a white collar on it,"['small grey object that is on a ground full of dirt', 'an item made up of iron which is used for work', 'a metal anchor type weight is sitting on a grey textured surface', 'side view of a small silver nut or washer', 'an old welded bolt nut that has no use case']"
30288,VizWiz_val_00006857.jpg,a white piece of paper with black text on it,"['a dollar bill has the back side flat open', 'back side of a us dollar bill but it does not show the value of the bill', 'a currency note issued by the us federal reserve for one dollar', 'a crisp dollar bill in front of a dark background']"
28555,VizWiz_val_00005124.jpg,a white thermostat is set to seventy degrees,"['close up view of a thermostat set to 69 degrees', 'thermostat for an air conditioner or heat source of air producing', 'the screen on a thermostat showing the temperature of 69 degrees with an up and down button beside it', 'a thermostat on a wall with buttons that change the temp', 'a digital remote for a heating and cooling unit that is set at sixty nine degrees']"
27124,VizWiz_val_00003693.jpg,a black dog is sleeping on the floor,"['the face of an all black shaggy dog sitting in the driveway next to the closed garage', 'a black long haired dog outside on a driveway', 'a brown shaggy dog outside on a pavement near a garage', 'the face of a dog with long curly hair']"
30909,VizWiz_val_00007478.jpg,a package of food is on top of a table,"['green and yellow plastic cleaning bag with the word dettol on it', 'showing the front package of a health and beauty product', 'plastic colorful wrapping surrounds a cleaning product or something else', 'a package of dettol is resting on an arm above a tile floor', 'a plastic covered object that is white green and blue']"
26074,VizWiz_val_00002643.jpg,a pink and white piece of fabric with a flower design on it,"['a close up of a necklace with colorful pearls on a brown light brown blanket', 'a necklace with a gold cross and red yellow white and green beads lies on some sort of fabric', 'a colorful beaded necklace with a silver crucifix', 'rosary bead necklace with green blue red yellow and pink beads', 'a rosary has colorful beads and a small gold cross lying on soft tan material']"
28412,VizWiz_val_00004981.jpg,a white piece of paper with black font lettering on it,"['a bottle cap with a 4 and a heart on a laminate counter', 'a gold metal bottle top laying on a white table with the number 4 written inside and a black heart', 'a gold bottle top with a heart and the number four on it', 'bottle cap on a white counter with the number 4 and a heart written on the inside', 'a bottle cap that is possible for a bottle of beer with the number 4 and a heart symbol']"
28100,VizWiz_val_00004669.jpg,a can of coca cola is on top of a table,"['food and medication containers sitting on a dark stained wooden table', 'a can of tomato sauce is on a table with prilosec medicine', 'a red tin can of ready to eat soup is on a cluttered table near some allergy medication', 'the side label on a can of soup or stew']"
27860,VizWiz_val_00004429.jpg,a person is holding a bottle of medicine,"['packaging for household kitchen items and a trash bin in the background', 'a bottle of cooking spray next to a plant', 'a can of some sort of spray a trash bag and a trash can', 'a cylinder container of spray is by the trash can', 'the side of a tall metal cylinder showing part of the front and back labels']"
29022,VizWiz_val_00005591.jpg,a close up of a grey piece of fabric,"['a gray and black fabric piece of clothing with linen', 'a close up of grey and black striped fabric', 'a up close fabric that is gray and black shirt', 'a gray and black striped sweater material with a ribbed texture', 'a knitted fabric is patterned with gray and white stripes']"
27306,VizWiz_val_00003875.jpg,a close up of a computer screen with a blue background,['a completely dark and unrecognizable screen or image']
30174,VizWiz_val_00006743.jpg,a silver keyboard with black keys and white keys,"['an apple branded keyboard with white square keys', 'a keyboard is on top of a brown surface with a few other objects', 'a computer keyboard is in the front of a white tube of some cream', 'a standard imac computer keyboard and a tube of lotion', 'silver apple brand wireless keyboard with white keycaps']"
24535,VizWiz_val_00001104.jpg,a computer screen with an error message,"['a portion of a computer screen with a system restore prompt', 'a screen of a computer running windows software and running a system restore', 'an image of a computer screen showing a system restore', 'error messages are popping up all over this computer monitor', 'a computer screen displaying a system restore dialog box']"
27238,VizWiz_val_00003807.jpg,a close up of a computer screen with a blue screen,"['a blue calculator with many calculus functions on the keypad', 'a scientific calculator with large buttons for the vision impaired', 'a blue calculator with a large digital screen', 'a large blue expanded calculator with an led display', 'a blue calculator with black and blue buttons']"
24437,VizWiz_val_00001006.jpg,a woman wearing a shirt with a woman wearing a red shirt and a shirt,"['person sitting cross legged on the floor in pink checkered pajama pants and a company branded grey shirt', 'a man in pink pajama bottoms and a white t shirt sitting cross legged on the floor', 'a person wearing t shirt and red patterned pants is sitting on the floor', 'a person sitting on the floor wearing a white shirt and pink pants', 'a person wearing a white t shirt and red pants sits on the floor']"
25499,VizWiz_val_00002068.jpg,a white crock pot on top of a wooden table,"['digital screen of a water and ice dispenser on top of refrigerator', 'a closeup of a stainless steel water dispenser and ice machine with a digital screen', 'the lit up display on a refrigerator with the cubed ice option selected', 'an ice cube dispenser is on with a digital screen showing the type of ice selected and a two buttons one for lock and one']"
28087,VizWiz_val_00004656.jpg,a person is holding up a bottle of lotion,"['several spools of pale pink yarn wrapped with paper labeling', 'two balls of pink yarn sitting on a sweater', 'two new packages of yarn are sitting on a linen surface', 'in this picture is a image of roll of yarn', 'two spools of peach color yarn laying an a knitted blanket']"
23846,VizWiz_val_00000415.jpg,a computer screen with a captcha on it,"['a webpage with a captcha that partially reads oymom wagons', 'appears to be a screenshot of a product registration page on a computer', 'a website shows how to register a product', 'the screen with text wants you to register a product', 'a computer screenshot image of a web page or similar with white background']"
27305,VizWiz_val_00003874.jpg,a person is holding up a bottle of lotion,['the corner of a foam placemat with a plate set on top of it']
27749,VizWiz_val_00004318.jpg,a bottle of body lotion is on top of a table,"['a glass bottle of garam masala spice being held by hand', 'a person is holding a glass bottle of mccormick seasoning with a blue lid', 'a person holding a small glass spice bottle with a blue label and cap', 'left hand holding a bottle of mccormick spices with braille paper in the background', 'a glass container with a blue top and seasonings inside']"
29265,VizWiz_val_00005834.jpg,a close up of a white piece of fabric,"['a green lime on a white speckled counter top', 'a single green and yellow lime on a counter', 'an orange fruit with a tint of green', 'a natural and sweet fruit is shown in this image', 'a small round lime that can be peeled and eaten']"
30196,VizWiz_val_00006765.jpg,a close up of the back of a can of food,"['the back of a product displaying ingredients and nutritional facts', 'a round silver bottom of a tin of harry london gourmet chocolate and most of the nutrition label', 'gourmet chocolate in tins like this should be shared so everyone can enjoy them', 'a can of pecans sit on a white counter top', 'harry london metal container of pecans sitting on a table']"
24888,VizWiz_val_00001457.jpg,a white plastic bottle is on top of a table,"['a push pin is inserted into a editable wall', 'a wreath hook hanging on a partial wall', 'an over the door hanger with one yellow pushpin', 'pictured is a black hook that is hanging on an office cubicle', 'the wall of a cubicle with a yellow thumbtack a dark colored clip hanging over it and a ceiling with fluorescent lights']"
25245,VizWiz_val_00001814.jpg,a close up of a blue sky with white clouds,['a blue sky has white lines in it from a high flying jet']
26977,VizWiz_val_00003546.jpg,a clear plastic bottle of purell hand sanitizer,"['a small pump bottle of hand sanitizer on a table', 'a rounded rectangular container of hand sanitizer with a push top', 'a bottle of hand sanitizer placed on a desk near an extension cable', 'a clear bottle with a hand pump containing hand sanitizer', 'a bottle of hand sanitizer is near two electrical outlets']"
29973,VizWiz_val_00006542.jpg,a black electronic device with a black screen on it,"['an indistinguishable appliance sitting on a countertop in front of tupperware', ""a kitchen countertop made of wood that's a bit messy"", 'a clear tote with a black lid in the background in the foreground there is an image of something that is white on the top']"
24315,VizWiz_val_00000884.jpg,the back of a bottle of body wash,"['a barcode on a white piece of cardboard', 'some sort of white device you can use to help yourself']"
29902,VizWiz_val_00006471.jpg,a computer screen is displaying a window with a message,"['a finger covered the lens although there is a texas rangers light with christmas lights hanging from them and a cross on the wall', 'a television with christmas lights hanging on the bottom next to a lamp that is turned on', 'christmas lights under a texas ranger poster and brightly lit lamp']"
30984,VizWiz_val_00007553.jpg,a computer screen with a window open on it,"['a pov of a person laying in their bed looking down towards their feet', 'a man laying down on a bed with the blinds shut', 'a person laying on a bed has taken a photograph of his legs and a louvered window', 'a dark room with closed blinds on a window', 'a light brown window curtain with light shining through']"
23478,VizWiz_val_00000047.jpg,a person is holding up a bottle of lotion,"[""three fingers on the right touching someone's breast with a green shirt an a blue and flower t shirt"", 'the chest of a woman wearing a floral shirt with a green corduroy shirt over top', ""a woman's chest in a flower print top that is being exposed by a man's hand"", 'a green button down shirt covers a blue shirt with bright flowers']"
29196,VizWiz_val_00005765.jpg,a white piece of paper with black font lettering on it,"['bottom view of some a yellow paper that has a black label on it', 'some pictured yellow color thing is on the table', 'a piece of yellow and black paper on top of a wooden flat surface']"
28926,VizWiz_val_00005495.jpg,a close up of a black phone with white buttons,"['a close up of the bottom of an electronic device possibly a dvd player or telephone', 'i see a black device with white dots and a bunch of black buttons', 'looks like the back of some household appliance', 'a black device with rows of buttons down one side', 'a unit for communication with the braille is black']"
24651,VizWiz_val_00001220.jpg,a bottle of lotion is on top of a wooden table,"['a glass bottle of perfect strength fragrance on a wood table', 'a bottle of perfect strength that has a spray nozzle on it', 'a glass bottle of cologne is laying on a wooden table or floor', 'a small clear spray bottle of perfect strength perfume on a wooden surface', 'a bottle of perfect strength cologne or perfume']"
25454,VizWiz_val_00002023.jpg,a clear plastic bottle with a white lid sitting on a wooden surface,"['a round candle is kept above the white stand on the table', 'a wood table with a candle in a candle holder', 'a white candle sits in its holder on a table', 'a candle on a candle holder is on a wood table', 'a wax candle on top of a white candle stand']"
26765,VizWiz_val_00003334.jpg,a package of food is on top of a counter,"['a box of frozen sweet potato cutters on a counter', 'green box of pre cooked frozen tv dinner', 'a box of sweet potato cutlets sitting on a counter and being reached for by an unknown person']"
27551,VizWiz_val_00004120.jpg,a package of food is on top of a table,"['nutritional information on the back of a package of granola or cereal', 'a box of cookies in the flavors peanut butter and chocolate chip', 'shopping cart in a store that has a case of water bottles in it and a hand holds up a box with nutrition label facing', 'the nutrition information for peanut butter cream and chocolate chip caramel of an unknown food product', 'the nutrition facts on the back of a box of food']"
26632,VizWiz_val_00003201.jpg,a package of food is on top of a table,"['a package of ramen noodle soup pork flavor', 'a bag of ramen noodles is displayed on a blanket', 'a dry package of ready to eat ramen brand noodle soup pork flavor', 'an individual package of pork soup with the ramen logo on it', 'a yellow plastic package with a picture of noodles on it']"
29269,VizWiz_val_00005838.jpg,a hand holding a bottle of coca cola zero,"['a hand holding a lipton iced tea bottle', 'a plastic bottle of lipton ice tea is held in the air above a cabinet', 'an image in which it is observed at the hand of a person holding a tea product', 'a bottle of tea has a yellow label on it', 'a bottle with writing consisting of a dark beverage']"
29459,VizWiz_val_00006028.jpg,a package of food is on top of a table,"['a plastic bottle of hand washing soap is partially empty', 'a container of white softsoap soothing aloe vera soap', 'close up of a container of liquid hand soap', 'plastic container of soothing aloe vera soft soap']"
25042,VizWiz_val_00001611.jpg,a clear plastic cup with a blue lid is sitting on a table,"['jar of food that is next to a rack of dishes', 'kitchen materials of ceramic plate cup and dish washer', 'a picture of dishes in a sink near a jar of mayonnaise and dish washing liquid', 'a dish with washing detergent a white bowl and a jar with a blue lid', 'some dishes piled in a drying rack in the sink and a container of mayonnaise with a blue top']"
28241,VizWiz_val_00004810.jpg,a close up of a white piece of fabric,"['an violet couch with a red cushion close unveils no other details', 'a close up of a floral print throw pillow']"
28700,VizWiz_val_00005269.jpg,a can of food is on top of a table,"['a can of ocean spray jellied cranberry sauce', ""a can of cranberry sauce is laying in someone's lap"", 'a 14 ounce can of ocean spray jellied cranberry sauce', 'a picture of food is on the tin can', 'can with a white label and red writing with a picture of cranberries']"
26888,VizWiz_val_00003457.jpg,a person wearing a red shirt with a red shirt,"['an accessory used to know the time a shirt without button wore by a man', 'a man wearing a red colored shirt with buttons', 'a person wearing a red louisiana tech polo shirt and a timex watch', 'young man wearing a red shirt with a t on it', 'someone is wearing a red louisiana tech shirt']"
27229,VizWiz_val_00003798.jpg,a person is holding up a bottle of medicine,"['a person holding their thumb and index finger', 'part of the human body used to hold things and has five fingers in both of them', 'human hand closet open door and some books', 'a person in a room raising their hand and showing their fingers', 'a person is holding up their hand in a living room']"
24031,VizWiz_val_00000600.jpg,a computer screen with a blue background and white text on it,"['computer monitor showing code related to computer startup', ""a computer screen with words however i can't tell what they say"", 'a computer monitor shows white text against a black background', 'white words on a black screen that is not easy to read']"
29887,VizWiz_val_00006456.jpg,a black remote control is on top of a table,"['the screen of an electronic devices saying continue', 'a logitech home security panel on the wall', 'a black name brand electronics device is resting on a dark surface', 'a black logitech device with a continue screen with alarm and volume', 'a logitech remote with a screen has a large dial in the lower section']"
28543,VizWiz_val_00005112.jpg,a person is holding up a bottle of lotion,"[""a greeting card in a plastic bag that is resting on a person's lap"", ""a scenic painted sign is shown on someone's lap"", ""a plastic bag with a coconut tree on it is laying in a person's lap"", 'a person holds a note card on their lap', ""a piece of art drawn not very well of a palm tree that is sitting on a man's lap""]"
27393,VizWiz_val_00003962.jpg,a person is holding up a laptop,"['hand holding the monitor of an open laptop on a table', 'most of a black inspiron laptop opened up with the keyboard and screen showing and a hand holding the side of the screen', 'a laptop sits on a table in front of a window with the blinds closed', 'an open laptop with a dark screen even though the power is on', 'a human holding onto a black laptop on a white table']"
31066,VizWiz_val_00007635.jpg,a package of food is on top of a table,"['a blue piece of fabric with a barcode on it', 'blue fabric item with a sticker of a barcode', 'a tag that read negotiable very blurry along with a bar code', 'i a think image is qr code line']"
23813,VizWiz_val_00000382.jpg,a computer screen with a pop up window on it,"['a computer message on how to restore files on a computer', 'a computer screen contains a message about using the system restore function', 'a screenshot of a computer monitor showing a prompt to being system restore', 'a computer window asking the user whether or not he or she wants to perform a system restore', 'a computer screen is displaying a message to restore or cancel']"
23634,VizWiz_val_00000203.jpg,a laptop computer screen with a blue screen,"['on a computer screen an image shows a man holding up an oversized personal electronic device', 'dell laptop screen with small window alert open', 'a black laptop with the home screen up and a small pop up window', 'a laptop computer screen with some kind of alert message present', 'in this image is a picture of a laptop screen']"
24650,VizWiz_val_00001219.jpg,a person is holding a box of medicine,"['the left side of a box of cake mix held up against a black background', 'a part of the back of a box with baking instructions', 'a hand holding a red box of pound cake mix', 'a package with a red border and a picture of a cake or bread in a pan', 'a thumb holding an item with the word cake written on it']"
25082,VizWiz_val_00001651.jpg,a person is holding a bottle of lotion,"['a person holds the end of a wire plug in their hand', 'a small white plug that appears to only have one prong on it', ""a cord with an end that's color coded white"", 'the item in the hand is some kind of a plug with a prong']"
30216,VizWiz_val_00006785.jpg,a can of food is on top of a table,"['connecting port for an electrical plug to a kitchen counter top appliance', 'a kitchen utility on top of a countertop next to small plastic bottles', 'coffee can be made from the coffee pot sitting on the counter', 'a silver cylinder that has a black handle and base with two switches a black object plugged into it', 'a black and silver electric coffee percolator on a marble surface']"
30894,VizWiz_val_00007463.jpg,a close up of a computer screen with a blue screen,"['the edge of a stand is black and the stand is a wood brown color', 'a black item that has many small rectangle cutouts with information behind them', 'a large metallic object on a wooden background']"
26015,VizWiz_val_00002584.jpg,a box of cinnamon toast crunch cereal,"['box that has the image of cereal on the cover', 'front package of a box of cereal made with honey', 'eatable best breakfast in the hurry and delicious and sweet in taste kids like it most', 'honey cereal is in this box on the table']"
29069,VizWiz_val_00005638.jpg,a can of food is on top of a table,"['a white and green package of medicine sits on top of a green mat', 'a box of mucinex dm medicine for 12 hour relief', 'a box of a mucinex dm cough suppressant medicine which is blue and green', 'a box of mucinex dm 12 hour laying on top of a yellow blue and brown place setting next to a baking dish', 'box of mucinex cold medication next to a bowl and a mat']"
25377,VizWiz_val_00001946.jpg,a bottle of purell hand sanitizer on a wooden table,"['green bottle of a foreign drink that is almost empty', 'a glass bottle which is only 1 4 full sitting on a table', 'a large bottle of soda that is currently opened on a counter', 'a green glass bottled beverage with a red and white label', 'a green glass bottle with a logo on the side']"
29736,VizWiz_val_00006305.jpg,a close up of a computer screen with a blue screen,"['a map of australia pinned up to a blue board', 'bulletin board with a map on it and other data', 'a map of australia pinned to a blue fabric bulletin board', 'a map with sectioned states of the australian continent sits pinned to the top right of a board', 'a map of australia hanging on a bulletin board']"
30316,VizWiz_val_00006885.jpg,a white piece of fabric that is folded on a wooden surface,"[""strands of a woman's long hair laying across their shirt"", ""part of a woman's white shirt with her long brown hair flowing down over her shoulder area""]"
24206,VizWiz_val_00000775.jpg,a person is holding up a woman in their lap,"['i see someone sitting down watching tv on the couch', ""someone's legs are obstructing a view of a computer desk and a wall decoration"", 'room with red and gold curtains to the right a desk with a computer and chair and happy together written on the wall', 'a pair of pairs are sat on a wall decal over a computer desk', 'someone sitting with their legs crossed looking at a computer monitor']"
26224,VizWiz_val_00002793.jpg,a bottle of <unk> <unk> <unk> <unk> wine,"[""8 ounce brown bottle of beer in a man's hand"", 'bottle of shiner rye lager ryes shine brewers craft brew beer', ""a rye lager beer is held in someone's hand above the stove top"", 'a person holding a shiners rye lager beer', 'a bottle of beer is near the stove top']"
28611,VizWiz_val_00005180.jpg,a close up of a picture of the food is on the packaging,"['an orange yellow and black beaded necklace sitting on a table', 'a brown black and off white bracelet made of small round components lays on a wooden counter', 'multicolored small wrist bracelet on a wood table', 'two red blue and cream tied wrist beads', 'a two string bracelet with orange blue and cream colored beads']"
28727,VizWiz_val_00005296.jpg,a screenshot of a computer screen with an error message,"['a blue color background screen of a phone', ""a screenshot from a cell phone depicting a frame from the game what's that brand"", 'an app game is right on the phone', 'a pic of a screenshot of an app from a phone', ""screenshot from phone of what's that brand game""]"
28991,VizWiz_val_00005560.jpg,a white piece of fabric with a white background,"['a clean gray surface with no details or objects on it', 'a white background is shown with nothing on it']"
27728,VizWiz_val_00004297.jpg,a white piece of paper with black font lettering on it,"['it contains several random letters in it like a code usually on a computer program or website and is used to confirm that we are', 'a close up of part of a captcha on a computer screen', 'a computer monitor screen with blurry words and large bold letters i h x', 'pictured is the security question that popped up on a computer screen', 'the screen has a captcha and asks about blood type']"
25791,VizWiz_val_00002360.jpg,a black remote control is on top of a grey surface,"['a electronic device that is sitting on top of a counter', 'a dark grey electronic object with wires attached on a grey marbled surface', 'the back of some type of electronic system with a black cord hanging out the bottom', 'a black corded electronic component sitting on a carpeted floor']"
24133,VizWiz_val_00000702.jpg,a person is holding a piece of paper,"['a hand holding a white slip with black riding on it', 'hand of person holding up a card with writing on it', 'a person wearing jeans and a tan shirt is holding a white card', 'a card held in the left hand unclear for what due to blur']"
28950,VizWiz_val_00005519.jpg,a person is holding up a remote control on top of a table,"['an crowded end table holds a phone on a charger an electric razor and a box for some other electronic device', 'a walkie talkie on a desk next to an electric shaver', 'a desk full of electronic components chargers and a black radio', 'walkie talkie in a stand male shaver white black and baby blue box along with other items sitting on a table', 'a counter space has miscellaneous things on it like a walkie talkie looking object a box and several other electronics']"
24837,VizWiz_val_00001406.jpg,a black and silver logitech mouse on a wooden desk,"['a computer mouse on a wooden table or surface', 'one gray computer mouse sitting on a wood surface', ""a computer mouse on a brown desk and it focuses on the mouse's button"", ""a computer mouse that's black with a gray clicker on a brown wooden surface"", 'black wireless mouse with scroll wheel on a wooden desk']"
29607,VizWiz_val_00006176.jpg,a close up of a blue sky with white clouds on it,['image is so blurry i cannot distinguish anything']
30616,VizWiz_val_00007185.jpg,a package of food is on top of a table,"['a white packaged chicken breasts with yellow and blue label', 'front label showing 1 point 12 pounds of chicken is inside the package', 'package of chicken breast that can be ripped open', 'corner of a package of chicken breasts label states 1 point 12 pounds']"
30109,VizWiz_val_00006678.jpg,a can of soup is on top of a counter,"['ingredients on the back of a soup can', 'a glass jar on a container with what appears to be seedlings', 'the ingredients label on a can of progresso soup', 'near a washbasin a blue tin can be seen and a glass bottle of peanut butter contain the seeds of avocado with toothpicks to grow', 'a progresso can being held in the air over a sink']"
27377,VizWiz_val_00003946.jpg,a white building with a building and a building,"[""a child's toy house outside in a backyard"", ""a child's plastic playhouse with a blue roof pink door and green window shades that is in a backyard"", ""a plastic child's playhouse with one door and several windows"", 'child toy house with aqua roof and pink door', ""a child's plastic playhouse on the back patio of a home""]"
27692,VizWiz_val_00004261.jpg,a white piece of fabric that is laid out on a table,"['light brown surface top of a desk that also has a book', 'the top of a light colored wooden table', 'i am looking at a picture of a grey colored surface', 'a rectangular pink object on top of a light brown surface']"
25203,VizWiz_val_00001772.jpg,a package of food is on top of a table,"['snowfield mountains in front of a lake with trees and the word snow', 'a book with snow capped mountains on the cover', 'a close up of a sign with a scenic picture and white text', 'a box with a scenic lake with snow and pine trees', 'a lake with green pine trees in the background with the word special light written in white']"
29092,VizWiz_val_00005661.jpg,a picture of a building with trees and trees on it,"['a shot of a forest across the street with ground covered in snow', 'a shot from inside one side of a window on a rainy day water smeared on the glass looking outdoors', 'the winterscape view from a car is obscured by moisture on the window', 'view out of a wet window driving down the road', 'the view from a moving car window looks like wet outside can see the road grass snow and trees']"
27121,VizWiz_val_00003690.jpg,a person is holding a bottle of medicine,"['this man is reading the back of a blue fidelity foldable stereo bluetooth headset', 'image was clear but it has finger touch', 'bluetooth headset box held in hand by man with gold watch']"
30640,VizWiz_val_00007209.jpg,a white piece of paper with black text on it,"['some type of arab money note in red white and yellow', 'an image of saudi money is displayed with a man on it', 'i have never seen the type of foreign currency that is sitting here', 'a money bill with a photo of an important person printed on the front of it', 'a man wearing a headpiece covers what looks like a piece of money']"
27309,VizWiz_val_00003878.jpg,a piece of paper with black lettering on it,"['plastic red controller with black buttons that have white text', 'a red calculator device with black buttons on it', 'several keys are placed on a red surface', 'a red device with black and white buttons laying on a white lace place mat', 'a number keypad is seen with numbers in arabic too']"
26116,VizWiz_val_00002685.jpg,a computer screen with a captcha on it,"['a paper showing steps to take when baking', 'a set of instructions on how to properly bake the food', 'the instructions for the back of a muffin mix', 'taekwondo korean martial art rest pee table how to cook muffin', 'pictured is cooking directions on a box of food']"
28915,VizWiz_val_00005484.jpg,a close up of a gray t shirt with a white collar,"['some grey or bluish type of fabric probably denim', 'a person seated in a chair takes a photo of their thigh while wearing jean pants', 'thick heavy flat denim material like in jeans', 'a person is wearing a pair of denim jeans']"
30913,VizWiz_val_00007482.jpg,a golden retriever is on top of a wooden table,"['i see a bear that is on a table laying down', 'a beige lion teddy bear wearing a white lions shirt on top of a wooden surface', 'a brown stuffed lion toy wearing a blue and white shirt is laying on a table', ""a stuffed orange gold lion wearing a small white t shirt with a blue lion's international logo that says lion's international laying on a wood"", 'some sort of lion bill that is a plushie doll']"
28279,VizWiz_val_00004848.jpg,a white vase with a blue lid on it,"['a small stack of white paper coffee filters', 'many white coffee filters on countertop by cord', 'some white coffee filters sitting atop a counter near the sink', 'a white coffee filter on a white counter top', 'a sort of scrunched up white coffee filter']"
30036,VizWiz_val_00006605.jpg,a computer screen with a blue screen on it,"['a computer monitor with a windows operating system displaying the text shutting down', 'a portion of a computer display showing windows shutting down', 'a windows pc running windows vista shutting down', 'windows vista home premium on the shutting down screen']"
27018,VizWiz_val_00003587.jpg,a person wearing a blue shirt with a white collar in the background,"['a grey cushion next to a wooden coffee table', 'a grey fabric is being worn as a person sits down in front of a coffee table', 'someone appears to be seated near a shiny and smooth coffee table that is shaped like an oval and that has a bible with some', 'the top of a coffee table and the arm of a sofa', 'the edge of a grey sofa and the edge of a wooden coffee table']"
25172,VizWiz_val_00001741.jpg,a view of a computer screen with a blue screen,['a person taking a photo of their computer screen']
25818,VizWiz_val_00002387.jpg,a package of food is on top of a table,"['the foil wrapper from a potted plant is displayed on a piece of gray fabric', 'a black polyethylene keep in the bed shown in the image', ""the wrapping from buddha's tears a jasmine tea with instructions and price"", ""bag of buddha's tears jasmine dragon phoenix pearls fresh tea mix""]"
25961,VizWiz_val_00002530.jpg,the back of a package of food showing nutritional information,"['appears to be a picture of a bottle of shampoo', 'a red bottle of a liquid has a description on the back', 'a liquid which is used for cleaning stored in a plastic bottle', 'a red plastic bottle of shampoo sits on top of a wooden surface', 'the back of a red bottle of shampoo or similar product']"
23434,VizWiz_val_00000003.jpg,a package of food is on top of a wooden table,"['a white box is to the left of a blue box on a wooden table', 'a small rectangular red and white box next to a small rectangular blue box on a wooden surface', 'two boxes of medicine one white and red and the other blue sitting on a table', 'two boxes that appear to contain medication or eye drops', 'two boxes of pharmaceutical products left in a table']"
30445,VizWiz_val_00007014.jpg,a white piece of paper with black text on it,"['white paper label with bold red stripes on it', 'envelope with white and red boxes on redbox has white letters spelling post', 'a sticker or envelope with the word post printed on it']"
28005,VizWiz_val_00004574.jpg,a can of food is on top of a table,"[""a can of campbell's brand soup next to a kitchen sink"", 'a can of soup is right on the counter', ""a can of campbell's brand chicken noodle soup"", ""a can of campbell's chicken noodle soup on a wood countertop next to a white enamel sink bordered with stainless steel and a black spray"", 'a can of soup near a dish drainer and a sink with dishes']"
26819,VizWiz_val_00003388.jpg,a close up of the back of a can of food,"['a computer screen showing different numbers and text', 'a captcha screen on a computer shows a prompt to fill out', 'a close up of a mixture of letters and numbers on an electronic screen', 'black text and symbols on a yellow background which appears to be a captcha', 'captcha on a computer screen but image is too blurry to read']"
25937,VizWiz_val_00002506.jpg,a box of coffee is on top of a table,"['a cooking label in front of a black keyboard and a tissue box all sitting on a wooden table top', 'an ingredient list for some kind of tea is right in front of you', 'a black keyboard is on a wooden surface', 'a box of tissues part of an electrical device and an unknown card of pamphlet', 'i am looking at a picture of some instructions on the back of some packaging with a black keyboard in the background']"
28186,VizWiz_val_00004755.jpg,a package of food is on top of a table,"['a cold can of coca cola that is red and white lettering', '12 ounce can of coca cola that has a coupon for six flags on the lip sitting on a black table', 'a red and white aluminum can of coca cola classic', 'a can of coca cola classic on top of a black surface', 'coca cola classic can with a promo for six flags']"
28580,VizWiz_val_00005149.jpg,the back of a box of food showing the nutrition facts,"['part of a bottle that says drug facts with ingredients use and warnings', 'the drug facts of a bottle of hand soap', 'a green bottle of antibacterial soap is next to a towel', 'some anti bio hand wash cream is here and also printing instructions is here']"
24873,VizWiz_val_00001442.jpg,a can of food is on top of a table,"['top or bottom of a can possibly containing food', 'top part of a can sitting on a table', 'the top of a dented unopened tin can', 'the top or the bottom of a tin can of some sort', 'a tin can from above on the dark brown wooden counter top shows stamped expiration date']"
29709,VizWiz_val_00006278.jpg,a white crock pot on top of a wooden table,"['an object with a paper sticking out of it that says pull', 'a grey plastic frame resting a white plastic table', 'an australian envelope on the edge of a desk', 'a small piece of paper that says pull in a grey plastic case', 'a sign indicating to pull is in the center of a rectangular object']"
29106,VizWiz_val_00005675.jpg,a person is holding up a bottle of lotion,"[""a starbucks french dark roast coffee pod in a person's hand"", 'a sealed cup of starbucks coffee powder held in the hand of the photographer', 'a k cup coffee grounds cup for the keurig machine with starbucks branding', 'a keurig cup of starbucks french roast dark coffee', 'in this picture is a image of a single coffee maker']"
26592,VizWiz_val_00003161.jpg,a can of food is on top of a counter,"['great value oat rice package with salt and pepper', 'a tin can of great value breaded chicken and rice soup', 'a can of great value chicken and rice condensed soup lies on its side on a kitchen counter', 'a can of great value family size condensed chicken soup with rice and carrots', 'a can of chicken and rice soup with a white label and blue writing']"
29000,VizWiz_val_00005569.jpg,a can of food is on top of a table,"['a tin can of progresso brand soup with a blue label', 'a can of vegetable soup is sitting on the filing cabinet', 'can of soup placed on a filing cabinet', 'an unopened blue can of soup with the back label showing preparation instructions visible']"
26938,VizWiz_val_00003507.jpg,the back of a can of food showing nutritional information,"['back of a package of broccoli showing ingredients and nutrition information', 'white label with black writing and a few red letters', 'the nutrition label for some unknown item with white background', 'a white nutrition label displays text in all black']"
25020,VizWiz_val_00001589.jpg,a box of coffee is on top of a table,"['black and blue billy joel cd on a granite flat surface with couple gray cords', 'billy joe concert brochure placed on carpet floor', 'a cd of billy joel titled live at shea stadium laying on a gray surface', 'music cd of billy joel live at shea stadium', 'a plastic wrapped billy joel cd with him on the cover at the piano']"
24485,VizWiz_val_00001054.jpg,a computer screen with an error message on it,"['in this image lies a laptop installing windows', 'a computer monitor showing a windows installation screen', 'a small computer screen is showing an operating system being installed', 'snapshot of a computer desktop computer screen', 'a dialog pop up in a windows environment stating installing windows']"
28059,VizWiz_val_00004628.jpg,a black remote control on a wooden table,"['a black universal remote with a lot of buttons', 'a black tv remote sitting on a wooden table', 'a black remote with blue buttons to control volume and change channels as well as a number pad at the bottom and capability to control', 'a remote control is on the wooden table', 'television remote control sitting on top of a wooden surface']"
25893,VizWiz_val_00002462.jpg,a box of coffee is on top of a wooden table,"['a box of supervalu lemon crunch cookies', 'an orange box of cookies sitting on a wooden tabletop', 'a yellow box of lemon crunch cookies sitting on a brown wooden table', 'a yellow cardboard box with white writing sits on a light colored wood table', 'a orange box of lemon crunch cookies on a wooden table']"
29276,VizWiz_val_00005845.jpg,a black remote control on a wooden surface,"['a close up of buttons on a remote control on a table', 'a silver colored remote control for a cable subscription box', ""a gray remote tv controller on a person's arm"", 'close up of a remote control with yellow green blue gray and white buttons', 'a white and grey remote control with different colored buttons']"
26789,VizWiz_val_00003358.jpg,a person wearing a blue shirt with a white collar,"['the surface of blue bunched fabric like a pillow is seen', 'blue or gray fabric with wrinkles is covering something', ""a close up of a fat woman's stomach covered with a gray cotton dress"", 'gray colored fabric that has wrinkles and creases from top to bottom', ""a shirt shot showing a person's clothed torso""]"
26149,VizWiz_val_00002718.jpg,a person is holding a bottle of lotion,"['a john michael something music cd with his face on the cover', 'a cd cover of an album by a country artist', 'a cd case from john charles montgomery songs', 'a cd case with a picture of a man in a cowboy hat', 'cd with picture of john michael montgomery on the front with his name in yellow on it']"
26838,VizWiz_val_00003407.jpg,a person wearing a blue shirt with a white collar,"[""dark haired cat with green eyes laying on someone's lap"", ""a long haired cat is laying on it's owner's lap"", ""a pretty cat sitting across someone's lap who also has a laptop sitting there"", ""a fluffy cat sits on someone's lap and a computer keyboard rests on their stomach"", ""a long haired dark cat sitting on a person's lap""]"
30610,VizWiz_val_00007179.jpg,a package of meat is on top of a table,"['appears to be a picture of a waffle box', 'large square food box with red and yellow label on it', ""a cardboard box of kellogg's brand buttermilk eggo waffles"", 'a box of eggo buttermilk waffles sitting on the counter', 'a box of eggo waffles on a white counter top']"
26006,VizWiz_val_00002575.jpg,a black keyboard with white keys on a wooden desk,"['a large electronic keyboard on a wood desk', 'an electric piano is on a table near a teal wall', 'a casio brand keyboard sits on top of a wooden table', 'on the wooden table is a large electronic keyboard', 'just a black electric keyboard sitting on a desk or table']"
27659,VizWiz_val_00004228.jpg,a can of food is on top of a table,"['cans of soup that are on a shelf in a row', 'can of progresso on a shelf probably at the store', 'blue color tin food and a word soup is printed on it', 'a couple of cans of soup on a shelf', 'aluminum can with a blue label and yellow picture with food']"
25932,VizWiz_val_00002501.jpg,a package of frozen food is on top of a table,"['a box of instant angel hair marinara by smart ones', 'a red box of frozen smart ones angel hair pasta meal with vegetables', 'smart ones red box frozen dinner with angel hair pasta with vegetables', 'a smart ones brand microwaveable meal of angel hair marinara', 'a food container of pasta and vegetables with a red and white label']"
29471,VizWiz_val_00006040.jpg,a box of betty crocker whipped bars,"['the front of a box of white cake mix', 'a box of white cake mix with a red label and white text', 'a box of moist deluxe cake mix in a red box', 'a rectangular package is displaying pictures of food', 'a pastry food product with text on it']"
24463,VizWiz_val_00001032.jpg,a computer screen with an error message on it,"['a laptop has a window open with a image on it', 'a computer monitor showing a website link of walkingthehedge dot net', 'a window call walking the hedge is displayed on the computer screen', 'here someone search with google and find the walking the hedge', 'a computer monitor screen showing a picture of a tribal person']"
30681,VizWiz_val_00007250.jpg,a can of food is on top of a table,"[""a can of dole brand pineapple slices lying on it's side"", ""a short round can of pineapple slices is lying on it's side on a counter"", 'a small can of dole brand pineapple slices', 'a can of pineapple slices that is unopened on the floor', 'a can of pineapple is on top of a table']"
26045,VizWiz_val_00002614.jpg,a computer screen with an error message on it,"['a portion of a computer screen is shown with a brief message as text', 'a computer screen with a writing program open and writing on it', 'a word processing window with text asking if someone wants to go to the winchester and grab some beers tonight', 'a view of a monitor screen with a word program on the screen', 'a computer screen is opened to a word processor and the tools are displayed in korean though the typed text is in english']"
28644,VizWiz_val_00005213.jpg,a can of food is on top of a table,"['a bottle of body oil gold in color', ""a copper colored glass bottle of victoria's secret spray"", ""the fragrance bottle in this picture is made by victoria's secret and the scent is coconut passion"", ""a gold bottle of perfume from victoria's secret""]"
26181,VizWiz_val_00002750.jpg,a container of marshalls creek spices is shown,"['a container of marshalls creek spices onion and sea salt spice', 'a filled bottle of onion and sea salt spice', 'a small square package of a food product', 'a bottle of spice is laying on a green material', 'snapshot of a food seasoning label viewed up close']"
28994,VizWiz_val_00005563.jpg,a close up of a blue t shirt with white text on it,"['a red slightly wrinkled cloth or shirt of some type', 'a red fabric with a texture in it is shown']"
24008,VizWiz_val_00000577.jpg,a computer screen with a pop up window on it,"['the bright computer screen has a side by side view of an email application and website', 'a computer screen with a couple of web pages open', 'an internet browser window describing rewards for doing surveys and having your friends complete surveys', 'a survey screen as shown from a monitor', 'a computer screen showing a window with some text']"
27030,VizWiz_val_00003599.jpg,a clear plastic bottle with a white label on it,"['appears to be a picture of a clear bottle', 'large clear bottle with liquid blue inside and filled with red and brown long grasses', 'someone is holding a bottle of perfume in a bathroom and a shower tub is in the background', 'a clear bottle has many different colors on it', 'pictured is what appears to be a spray bottle being held up over a sink']"
26468,VizWiz_val_00003037.jpg,a black remote control sitting on a wooden surface,"['a sony power adapter laying on white carpet', 'a sony ac adaptor plug and bos laying on a carpet', 'a sony brand ac power adapter type ac l15a', 'a power adapter plug device all black with white text']"
25064,VizWiz_val_00001633.jpg,a package of food is on top of a table,"['a close of cooking directions and ingredients on the back of something', 'the back of an aluminum package of some sort of food product', 'a package of food is showing its cooking instructions', 'the back of a meal package with preparation instructions', 'the back of an open package of sticky sweet and sour chicken breasts shows cooking instructions ingredients allergens and a message from the producer']"
29049,VizWiz_val_00005618.jpg,a package of food is on top of a table,"['a bottle of peach mango hand soap is displayed on a plain gray piece of fabric', 'red and orange bottle of peach and mango soap', 'a 400 ml bottle of peach mango hand soap', 'clear bottle of peach mango hand soap with red label', 'clear bottle of peach mango hand soap on a green surface']"
29616,VizWiz_val_00006185.jpg,a black electronic device is on top of a table,"['charging cable for a specific device with four charging holes on a blanket', 'an electric plug is laying on a yellow blanket', 'a kind of plug is laying on the soft towel of fabric']"
29657,VizWiz_val_00006226.jpg,a box of coffee is on top of a wooden table,"['the lower right corner of a white and orange food box on a wooden table', 'a picture of the food is on the packaging']"
29468,VizWiz_val_00006037.jpg,a silver laptop keyboard with black keys and white letters,"[""a laptop that's open with it's keyboard showing"", 'i see a keyboard that has black keys on it', 'a dark gray computer laptop on computer desk', 'a close up detailed image of a computer keyboard', 'a black keyboard on a laptop where part of the monitor is shown']"
29189,VizWiz_val_00005758.jpg,a close up picture of a white piece of fabric,"['brightly colored tassels are hanging from a similarly colored ribbon', 'a bracelet with tassels is sitting on the counter', 'a red blue and white decoration is in front of a yellow surface', 'a checked tapestry sash has woven balls attached to it', 'a colorful woven strap with multiple tassels hanging against an orange wall']"
27923,VizWiz_val_00004492.jpg,a person is holding a bottle of medicine,"[""a white cd case sitting on someone's lap"", 'a book resting on the lap of the photographer', ""a dvd is shown on top of a person's legs who has cuts on her knees"", 'a book or dvd showing a smiling black woman']"
30215,VizWiz_val_00006784.jpg,a pink plastic bag with a flower pattern of flowers and other items on it,"['a bird cage with lights around it surrounded by plants', 'a butterfly net is outside next to a plant', 'a birdcage decorated with christmas lights and potted plants around on the floor', 'decorative christmas lights are near several plants a hanging gold and circular decoration with lights and a pink see through material hanging from the ceiling', 'pink storage hanging net with lit globe shaped cage and christmas lights all accented with plant arrangements']"
27765,VizWiz_val_00004334.jpg,a white box is on top of a wooden table,"['part of a black and white square object on a wood surface', 'a small black box with a white piece of paper wrapped around it with black lettering on it sitting on top of a wooden table', 'black and white container sitting on the edge of a wood table']"
23445,VizWiz_val_00000014.jpg,a close up of a computer screen with a blue background,['a bright blinding light is obstructing all view']
27070,VizWiz_val_00003639.jpg,a can of food is on top of a table,"['a cylindrical container of chicken and pasta primavera', 'side view of a can containing the ingredients list and recipe for the contents', 'a can of soup is on top of the couch', 'a back of a can of campbells with recipe on it', 'can of soup leaning on the arm of a couch']"
29377,VizWiz_val_00005946.jpg,a package of food is on top of a table,"['a white packaging listing supplement facts on the back of it', 'the supplement facts on the back of a stacker 2 package', ""a supplement label on top of a person's lap"", 'the back of a stacker 2 package that is white with black writing in laying on a blue fabric surface', ""the back of a product packaging is on top of a person's lap""]"
23798,VizWiz_val_00000367.jpg,a white piece of paper with black text on it,"['a hand is holding something white like a pill bottle with printed type on it', ""i can't tell what is way to blurred"", 'a white piece of paper with black text']"
25544,VizWiz_val_00002113.jpg,a picture of a sign on a wooden table,"['appears to be a picture of a cereal', 'a box of cheerios cereal showing the back side of the box', 'a close up of a box of cheerios cereal', 'the side of a box of cheerios with text', 'a box of cheerios is in view with writing on the front cover']"
25006,VizWiz_val_00001575.jpg,a person is wearing a red shirt with a white collar in the background,"['someone holding a tie dyed t shirt on a hanger', 'a hand holds a white sweatshirt with a pink and green pattern on a wire hanger', 'i see a hand holding a hanger up with a multicolored shirt', 'a crew neck tee shirt with a tie dyed pattern', 'a tied dyed shirt hanging on a metal hanger']"
28250,VizWiz_val_00004819.jpg,a person is holding up a bottle of lotion,"['a box of cookies and an apple laptop on a kitchen counter', 'i see a box of cookies that is sitting on the counter', 'a package of cookies sitting in front of a macbook', 'a silver macbook and cookies in a box on a granite counter top', 'a piece of plastic and a box of cookies laying on a brown counter top']"
26642,VizWiz_val_00003211.jpg,a bottle of lotion is on top of a table,"['here is a picture of a white bottle and bed', 'i clear container with whitecaps sitting on a yellowish clock', 'a white opaque plastic bottle with a white lid', 'an empty plastic container with a white lid whose purpose is to store things']"
24390,VizWiz_val_00000959.jpg,a computer screen with a blue background and white text on it,"['a tv screen displaying an attention message on a tv stand', 'a sony tv has a attention message shown on it', 'on top of a television set is a webcam camera', 'a tv screen with the words attention check back periodically for exciting video on demand programming', 'a sony television showing a screen for an on demand channel']"
27694,VizWiz_val_00004263.jpg,a person is holding up a bottle of lotion,"['a container of maybe gum or some of food stuff', ""a blue bottle of pills being held in a person's left hand"", 'a person hand holding a white and blue color sachet', 'a person is holding onto a bottle of antacids', ""a person's hand is holding a blue plastic bottle""]"
28502,VizWiz_val_00005071.jpg,a bag of frozen vegetables is on top of a counter,"['an image of a box containing artisan fresh baked meal', 'a box of peanut butter cookies is next to a pair of glasses', 'a box of peanut butter cookies from the bakery', 'cardboard packaging of peanut butter cookies on top of a brown countertop', 'a container of cookies sitting on a marbled counter']"
27072,VizWiz_val_00003641.jpg,a close up of a white piece of fabric,"['a brown object with many curved spikes on its surface', 'a somewhat abstract image it seems that it shows something dirty on the floor of a house', 'a circular thorny ball placed on a cloth', 'a piece of fabric with a sculpture or plant with sharp spikes']"
30768,VizWiz_val_00007337.jpg,a white piece of paper is on top of a table,"['a corner of a piece of paper possibly mail', 'a note of currency with writing in an asian language', 'a piece of paper is on a patterned granite surface', 'half of a paper on a speckled counter top', ""mostly a floral background with a partial shot of some piece of paper can't tell what the paper is""]"
30042,VizWiz_val_00006611.jpg,a box of food is on top of a table,"[""sainsbury's pizza in a box that has double pepperoni and triple cheese for the toppings"", ""a box of sainsbury's pizza sitting on a table that has a small window so you can see the cheese and pepperoni on the pizza"", 'a package of frozen pizza is on top of the table', 'a raw pizza of double pepperoni and triple cheese that you may need to cook in an oven', 'a piece of pizza is placed on top of a flat piece of cardboard']"
29545,VizWiz_val_00006114.jpg,a computer monitor with a black keyboard and a wooden table in the background,"['a backpack next to a glass table filled with various books and textbooks', 'a backpack sits near a living room table filled with books', 'glass table with books book bag on wood floor cell phone on table', 'a backpack that is propped against a coffee table with many books on it', 'a grey bookbag next to a glass table with a pile of books sitting on it']"
26314,VizWiz_val_00002883.jpg,a bottle of skin lotion lying on a granite counter top,"['i see a white bottle on the table that has writing on it', 'container with a white bottle and red top showing ingredients and use instructions', 'i want container with red cap setting on a dark surface', 'a small plastic bottle with red cap on the ground', 'back side of a bottle of what appears to be nasal spray cannot see brand']"
27057,VizWiz_val_00003626.jpg,a bottle of <unk> brand vitamin c crystals,"['a packet of honey vanilla celestial seasonings 100 natural teas now with richer chamomile flavor', 'a plastic package with honey vanilla tea in it', 'a celestial tea packet for the honey vanilla flavor', 'a packet of honey vanilla tea with cinnamon sitting on a counter', 'a bag of tea with flowers on it and pretty colors']"
28422,VizWiz_val_00004991.jpg,a box of <unk> <unk> <unk> <unk> <unk>,"['cooking directions for a recipe that requires an oven', 'instructions on a box of betty crocker potatoes', 'directions to bake potatoes and various ingredients in an oven', 'a close up of cooking instructions for a betty crocker ready made meal']"
24330,VizWiz_val_00000899.jpg,a laptop is open and turned on,"['a toshiba laptop that is dirty and on', 'a laptop computer is opened on a desk in front of a pc', 'two laptops on a desk with a white brick wall in the background', ""a laptop that's open with a web page open"", 'a black windows laptop is open to the planetf1 webpage and resting on a wood desk top in front of what looks like a second']"
23748,VizWiz_val_00000317.jpg,a computer screen with an error message on it,"['a computer screen that performed a search of mmmm', 'a computer screen indicates that a search returns no results', 'a computer screen showing no items match the search', 'pictured is a desktop computer screen in the search results page of explorer', 'a computer screen showing no search results on it']"
25633,VizWiz_val_00002202.jpg,a can of food is on top of a table,"['the backside of a can of soup with the nutritional label showing', 'a red and blue colored tin food can with various words on its label', 'the packaging for the product has the ingredients on the back', 'a red and blue aluminum can containing a consumable good', 'a metal can with a red label showing nutrition facts on a counter top']"
28284,VizWiz_val_00004853.jpg,a bottle of lotion is on top of a table,"['a bottle of holiday tradition winter candy apple body lotion', 'packaging for a bottle of holiday brand body lotion', 'a bottle of lotion is on a wooden table and is for winter', 'a small bottle with pink lotion in it rests on a table', 'a bottle with a pink liquid laying face up']"
24910,VizWiz_val_00001479.jpg,a box of coffee is on top of a table,"['no smoking warning sign in red and white font lettering', 'i see a o smoking sign located on a car', 'small red white and black warning stickers in a mass transit car', 'a panel on an airplane with instructions on no smoking and buckling your seatbelt', 'a sticker against smoking is on the back of a seat']"
25597,VizWiz_val_00002166.jpg,a computer screen with a blue screen on the screen,"['on a desk there is a cellphone showing its apps and it is on top of some paperwork', 'a black iphone opened to its home screen', ""i see the main screen of a smart phone showing all of it's apps"", 'a samsung phone is displaying several different apps', 'a cell phone with the menu screen on it']"
24387,VizWiz_val_00000956.jpg,a person is holding a bottle of medicine,"[""a yellow credit card is held in someone's hand"", 'a person is holding a yellow plastic card', 'a card showing the backside with a magstripe on top', 'the back of a yellow card showing the white and black stripes on it', 'a hand is holding a yellow credit card with the back of it showing']"
23661,VizWiz_val_00000230.jpg,a computer screen with a blue screen,"['a monitor or screen that is lit up white and is in a dark room', 'a bright reflecting object is present over a blue base', 'a darkened room with a bright screen shining', ""a computer monitor that is displaying 'no signal'"", 'a black background with a white screen in the left hand side']"
26190,VizWiz_val_00002759.jpg,a ten dollar bill sitting on a wooden surface,"['a single wrinkled and creased american one dollar bill', 'a creased american paper currency of a single dollar', 'a partially wrinkled and worn dollar bill lying on a table', 'brown table holding very creased one dollar bill', 'the united states of america one dollar f 234162741']"
31116,VizWiz_val_00007685.jpg,a brown wood grain table with a wooden floor,"['a brass knob on a wooden dresser drawer', 'a gold object sitting on a light wood colored table', 'a brass circular object on top of a wooden surface', 'a brass or copper handle of some sort on a table']"
30530,VizWiz_val_00007099.jpg,a bottle of lotion is on top of a table,"['a white bottle of unknown medicine with a red twist top laying on a soft surface', 'a white bottle with part of the back label showing is lying on a brown background', 'a bottle of a supplement turned on the drug facts side', 'the back of a bottle of pills showing the drug facts', 'the package contains information about the enclosed medication']"
29126,VizWiz_val_00005695.jpg,a can of food is on top of a table,"['a can of mild chili beans in chili sauce', ""the side of a dakota's pride chili beans can that is blue and gold"", ""an aluminum can of dakota's pride mild chili beans"", 'a red and blue can of chili beans', ""can of dakota's brand chili beans in chili sauce""]"
26766,VizWiz_val_00003335.jpg,a blue piece of fabric with a white background,"['a piece of purple knit fabric is solid color clean and unwrinkled', 'a purple sheet of fabric with a wrinkle in it is laying on a service', 'a piece of purple fabric that has a ripple on it', 'a purple fabric possibly a blanket or an article of clothing', 'some sort of purple fabric that is very clean and tidy']"
27678,VizWiz_val_00004247.jpg,a can of coca cola sitting on a table,"['back of an adjustable office desk chair on rollers', 'an office chair pushed up against a desk', 'a work chair with red fabric is pushed into a desk', 'a red and black colored rolling chair in front of a silver computer and a blue bin', 'the back of an office chair is tucked into a desk']"
28799,VizWiz_val_00005368.jpg,a living room with a tv on the wall,"['a white colored microwave with control buttons on it placed on a wooden table', ""someone's sunny kitchen countertop with a black fridge in the background"", 'a kitchen with a microwave and a black refrigerator', 'a kitchen picture with sunshine and the ceiling']"
26360,VizWiz_val_00002929.jpg,a dark wood grain surface with a red stripe on it,"['countertop with the edge of a red object a round purple object and a corner of a green object visible', 'a orange marble counter with lighting reflecting off of it', 'the reflection of several lights on a marble surface']"
25751,VizWiz_val_00002320.jpg,a person is holding up a bottle of lotion,"['a guys left hand holds a brown glass bottle holding a clear substance', 'a female hand holding a brown and white jar', ""a person's hand is holding a jar that has a white cap"", ""someone's hand hold a small dark bottle with a white label with printing on it"", 'a hand with a silver ring on little finger holding a brown glass bottle with white cap']"
29929,VizWiz_val_00006498.jpg,a can of food is on top of a table,"['part of a box of barilla brand pasta is shown', 'the upper right part of a box of pasta', 'a container of pasta is in front of speakers for a computer', 'a brown and yellow box of noodles with a graphic of prepared noodles and a red tomato on the front', 'a box of pasta showing a bowl of it on the package']"
24003,VizWiz_val_00000572.jpg,a computer screen with a window open on it,"['a computer screen with a information page showing', 'a computer monitor with a form on the screen', 'laptop screen powered on and open to a web browser']"
25747,VizWiz_val_00002316.jpg,a package of food is on top of a table,"['a package of gevalia brand french vanilla coffee', 'a single serve packet of gevalia brand coffee french vanilla flavored', 'front of a package containing a single serving of gevalia french vanilla coffee', 'corner of coffee package on wood surface background', 'part of a package of gevalia coffee in french vanilla flavor']"
26166,VizWiz_val_00002735.jpg,quality issues are too severe to recognize visual content it's too blurry to recognize visual content,"[""it too blue and it's hard to find""]"
26756,VizWiz_val_00003325.jpg,a red t shirt with a red stripe on it,"[""a close up of a child's red shirt with the phrase handsome just like daddy printed on it"", 'a photo of a child wearing a red short sleeved tee shirt with blue lettering and white graphics', 'red graphic t shirt with handsome just like daddy', 'someone wearing a shirt that says handsome just like daddy', 'a young child wearing a red t shirt that has a cute saying on the front in blue lettering with a white background']"
25031,VizWiz_val_00001600.jpg,a package of food is on top of a table,"['a container of sage sweet grass from scentsy bar', 'the green and tan front of a bottle of soap', 'a package of a scentsy product that is tan and green in color', 'a green and tan soap label laying on a surface', 'a green label of a bar with the address on it and the name on a darker green circle']"
28959,VizWiz_val_00005528.jpg,a laptop computer screen with a blue screen,"['electronic device with rectangular buttons and a menu screen that is unlit', 'a cassette player with a break in the screen black with red writing', 'a black electrical device with digital display on it']"
23627,VizWiz_val_00000196.jpg,a person is holding up a bottle of lotion,"['a seen from behind sitting in a red chair', 'woman with dark short hair in red chair sitting in front of table with black cloth covering it', 'a view of an event in an auditorium from an audience point of view', 'a person is sitting in a chair facing the area of a stage', 'a person sitting in the front row of a theater looking at a stage']"
25279,VizWiz_val_00001848.jpg,a can of food is on top of a table,"['a green bowl with a utensil is shown resting on a bed', 'a green bowl with a utensil sitting in it sits on a white blanket', 'green bowl with a utensil in it sitting on top of a white blanket on a bed', 'a green bowl with a spoon handle jutting out sits askew on an unmade bed', 'a green bowl is on the white bed']"
25317,VizWiz_val_00001886.jpg,a can of food is on top of a table,"['round orange pill bottle with white pills in it laying on a table', 'an orange plastic bottle with white pills in it', 'a bottle of pills in the brown prescription type containers', 'in this image is a pill bottle on a table', 'an orange prescription bottle with a white top with white pills visible on a tan and white vinyl tablecloth']"
30124,VizWiz_val_00006693.jpg,a bottle of lotion is on top of a wooden table,"['the photo is taken at a table with some sort of medicine in liquid form', 'a medicine container sits upon a bathroom counter', 'a small brown bottle with a white cap and a white label with black text and an orange border', 'a bottle of a pharmaceutical item on a table with some other items that are barely visible']"
30335,VizWiz_val_00006904.jpg,a person is wearing a blue shirt with white buttons,"['the arm of a person wearing a black and grey striped shirt on top of a white and red striped pillow', 'a partial image of an arm with the corner of a object in the hand', 'a bare leg peeks out below a skirt all resting on a bed beside a striped pillow', 'a forearm and hand holding a white object wearing black and gray striped shirt on white fabric and a red and white striped pillow']"
25973,VizWiz_val_00002542.jpg,a computer screen with a blue background and a blue screen,"['a section of a room by a computer monitor is seen', 'three black square computer speakers that are stacked on one another', 'a set of three speakers sitting above a computer monitor', 'a set of three external computer speakers one displaying a blue light', 'three speakers of various sizes on top of a bedside table which can be seen in the background above the view of a laptop monitor']"
26348,VizWiz_val_00002917.jpg,a glass bottle with a white label on it,"['a round jar of diaper balm with two plastic water bottles in the background stand on a dark granite countertop', 'a small jar of balm and two bottles of water are sitting on a dark countertop', 'a small jar of balm is sitting on a counter top next to a bottle of water', 'a jar of a hand balm on a ledge next to a water bottle', 'a small jar containing some type o balm']"
27269,VizWiz_val_00003838.jpg,a person is holding a pink and green piece of fabric,"[""a cassette tape and a person's arm on a mattress"", ""a cassette tape and a person's arm on a blanket covered with a flower pattern"", ""someone's leg on a bed or couch with a cassette tape beside it"", 'a clear cassette tape sits on a bedspread', 'person with arm outstretched next to a cassette on top of something covered with a floral designer sheet']"
30301,VizWiz_val_00006870.jpg,a person is wearing a black and white striped shirt,"['black leather wallet on top of a wooden desk', 'a leather cell phone case with rounded metal corners', 'a phone with a black leather case is on a wooden table', 'a person is holding a black leather wallet']"
25085,VizWiz_val_00001654.jpg,a package of food is on top of a table,"[""bags of different types of candy like m m's and hershey's bars are seen"", ""a picture of candy including m m's reeses pieces and hershey bars"", ""fun size individual packaged candy including reese's pieces m ms both peanut and plain mars bar and hershey's bar"", ""a cluster of chocolate candy bags all from well known brands like m m's hershey and twix"", 'some small packages of candy are in a pile']"
25275,VizWiz_val_00001844.jpg,a close up of a can of food on top of a table,"['a picture of the food is on the packaging', 'on a wood surface is a label for ketchup', 'the label of a non organic ketchup bottle', 'pictured is part of a bottle of ketchup', 'a ketchup label that is red and yellow']"
27356,VizWiz_val_00003925.jpg,a parking lot with clouds and buildings in the background,"[""an image of someone's neighborhood on a bright sunny day"", 'the landscape of a neighborhood taken from the opposite side of the street and containing the view of three neighboring houses', 'three modern homes with large green grassy lawns have a few surrounding trees against a bright blue sky with a few clouds', 'a bright blue sky with just a few wispy clouds a large front yard with a few smaller trees two very nice one story houses', 'three houses in a neighborhood with a large grassy field']"
23752,VizWiz_val_00000321.jpg,a black bag of coffee is on top of a table,"['the back of a powerbass along with the cord and plug which is wrapped up with a cord tie', 'an audio component that is black with white writing and a black electric power cord', 'bar codes are shown on the back of a power bass system', 'the label on the backside of a jbl powered speaker box with its cord zip tied in a bundle sits on top of a grey', 'a black label showing a barcode and information about a powerbass with a rolled up power cord leaning against it']"
26620,VizWiz_val_00003189.jpg,a package of food is on top of a table,"['a pack of tea from marshall creek spices', 'a clear plastic container holds loose tea leaves', 'a portion of the top of a food container is shown up close', 'a black dish with a clear lid and a yellow red and white label', ""a container of tea from marshall's creek spices""]"
24327,VizWiz_val_00000896.jpg,a picture of a building with a <unk> building,"['a close up view of a computer screen with a street view navigation displayed', 'a windows laptop screen showing a google maps street view', 'computer monitor with a tab of google maps open looking down a street', 'computer screen showing a road view on a map program', 'on a laptop screen there is a picture of a road with brick buildings on either side']"
29311,VizWiz_val_00005880.jpg,a blue striped fabric with a white collar,"['i believe this picture shows a checkered rug with small squares in different shades of grey and beige', 'a grey blocked carpet with line patterns in the blocking', 'a gray rug with a striped pattern and many shades on it', 'an image of checkered patterned carpet or rug', 'a rug of some sort that is checkered']"
30050,VizWiz_val_00006619.jpg,a bottle of diet coke sitting on a wooden table,"['a white aluminum can model beer setting on a black counter', 'a glass bottle of beer is on the table', 'close up view of a can of modelo especial craft beer', 'a white can of modelo beer with blue writing', 'a bottle of wine is on top of a table']"
24750,VizWiz_val_00001319.jpg,the back of a box of food showing nutritional information,"['a green and white colored book with garden retreat written on it', 'a package labelled garden retreat lg chime harmony', 'a label of garden retreat lg chime harmony', 'green rectangular object with white and light green stripes on the lap of a caucasian male', 'a green book with a picture of a dragonfly sits on a persons lap']"
30983,VizWiz_val_00007552.jpg,a white piece of paper with black font lettering on it,"['a metal paper clip sits on a wood grain table top', 'a dull silver paper clip on a wooden surface', 'a simple silver paper clip sits on a pale wood surface', 'a slightly bent silver paperclip on a wood table', 'metal paper clip sitting on a wood table']"
25489,VizWiz_val_00002058.jpg,a blue and white box of keurig k cups,"['a container of essential everyday brand plain greek yogurt', 'a close up picture of essential everyday greek nonfat yogurt greek plain', 'a green and white color can of essential everyday greek', 'a white plastic tub of essential everyday greek plain yogurt', 'top view of a package of essential everyday brand greek plain yogurt that is 32 ounces']"
30597,VizWiz_val_00007166.jpg,a person is holding a cd case,"['a cd of music from artist andy williams', 'a case for a musical album with a person on the package', 'an andy williams compact disc with another compact disc under it', 'an andy williams cd case sits on the top of a stack of cd cases', 'an independent artist cd featuring a guy named andy williams']"
29600,VizWiz_val_00006169.jpg,a sheet of paper with questions on it,"['a page of math problems in the forefront and a page of worked math problems in the background some are solved and other being worked', 'a piece of paper showing mathematical problems is shown', 'a school assignment worksheet with three problems circled in pencil', 'math homework is provided on a white piece of paper', 'a sheet of paper with mathematics questions on it']"
29043,VizWiz_val_00005612.jpg,a computer screen with a blue background and white text on it,"['apple mac laptop with keyboard and screen with black wire next to it', 'a keyboard is laying in front of a computer screen', 'a silver laptop with the screen open and part of the keyboard showing', 'a laptop keyboard with a broken computer screen and a cord dangling in front', 'a macbook clear white screen with silver keyboard']"
30180,VizWiz_val_00006749.jpg,a black dog is laying on the floor,"[""a black cat laying on a stack of papers on someone's desk"", 'a black cat is laying on top of papers', 'a black cat is shown against a white background going up to a wall of some sort', 'a black kitty cat with green eyes sitting on some papers on a desk', 'a male person worn in black is wearing a gray bag']"
26865,VizWiz_val_00003434.jpg,a close up of a white piece of fabric,"['a scratch or mark on a white material', 'a snowy area is surfaced littered with sticks or indents in the clear snow']"
30008,VizWiz_val_00006577.jpg,a close up of a white and green floral design,"['off white fabric decorated with green leaves and vines', 'a couch with an long space of leather there', 'a printed and quilted fabric with a plant design', 'a white cloth contains a green plant pattern']"
26199,VizWiz_val_00002768.jpg,a blue container with a white label on it,"['a k cup of coffee sits on a white plate sitting on a brown table', 'single serving of tully brand italian roast coffee', 'a green k cup coffee set on a plate', 'coffee pod with green cover on top of a decorative plate', ""a green tully's italian roast coffee pod label sitting on top of a surface with some lettering""]"
31172,VizWiz_val_00007741.jpg,a white piece of paper with black text on it,"['an off white box with white label and black letters sitting on a dark counter', 'a white package with black writing on it that is perhaps coffee', 'front view of a package of summer dark roast coffee', 'a bag of dark roasted coffee that was probably a gift']"
24918,VizWiz_val_00001487.jpg,a close up of a can of coca cola zero,"['pens fill a mug which sits on the table', 'a blue coffee cup with blue ink pens inside', 'a dusty purple gt coffee mug filled with purple and black pens', 'a purple georgia tech cup filled with multiple pens']"
23637,VizWiz_val_00000206.jpg,a close up of a white piece of fabric,['writing in between dark lines from what appears to be a newspaper or book']
26870,VizWiz_val_00003439.jpg,a can of diet coke sitting on a wooden surface,"['a small stringed instrument is sitting in front of a colorful afghan', 'a musical instrument is near a colorful piece of fabric', 'in this photo is a guitar and multi colored afghan', 'an eight string mandolin leans against a multi colored afghan blanket', 'pictured is a ukulele playing against a rug near a couch']"
24898,VizWiz_val_00001467.jpg,a person is holding up a white piece of paper,"[""small open wound on person's left foot lifted in the air"", 'a raised foot with a small cut near the top', 'a small cut on the top of a hairy foot', ""a person's left foot with a small cut on the top of it"", 'a person has a red cut on their foot']"
30253,VizWiz_val_00006822.jpg,a bottle of coca cola sitting on a table,"['a close up of a can of diet coke', 'a red and silver colored beverage can with the text diet coke on its label', 'a silver soda can is on top of the table', 'a can with silver and red colors and a black cursive d', 'an opened red and silver metal can of soda']"
30161,VizWiz_val_00006730.jpg,a white piece of paper with black font lettering on it,"['a glass desk that has some corded rope and paper on it', 'a brown wicker basket is on a glass table', 'a blank white piece of paper on top of a wooden surface']"
24777,VizWiz_val_00001346.jpg,the back of a box of <unk> <unk> coffee,"['netgear comes with lots of features and with minimal hassle', 'the packaging of a netgear router sitting on a mouse pad', 'a box with a wifi adapter is on the counter', 'a instruction manual for a home blu ray player', 'a netgear router that is used primarily for internet']"
25393,VizWiz_val_00001962.jpg,a glass bottle of water sitting on a wooden table,"['two bottles of coca cola on a table in front of a bottle of another beverage', 'two plastic bottles of soda sitting on a counter top', 'two plastic bottles of coca cola with red labels', 'two 2 liter bottles of soda and one can of beer with a person in the background']"
24712,VizWiz_val_00001281.jpg,a white piece of paper with black writing on it,"['a framed reminder to bring medications to office visits', ""a framed note on the wall in a doctor's office with a reminder to patients to bring all medications with them when they visit the"", 'a white sign in a wooden frame that asks patients to remember to bring all medications including non prescriptions and supplements to your next office', 'a reminder note is in a frame on the wall', 'sign on a wall reminding patients to bring all medications and supplements to the next office visit']"
29721,VizWiz_val_00006290.jpg,a person is holding up a bottle of lotion,"['a frozen tv dinner with a hamburger on top of it', 'appears to be a picture of a tv dinner', 'a person is holding up a box of frozen food', 'the photographer is holding up a box of chicken burgers in their left hand with a wood counter in the background', 'a hand and arm visible holding a package of chicken burgers written in french in front of a wooden shelf with open shelves on the']"
28623,VizWiz_val_00005192.jpg,a room with a window open and a window,"['textured ceiling with a blinds on a window', 'a closet door a window with closed blinds and a pennant on the wall', 'i see a corner closet and also a window with the blinds closed', 'window with blinds drawn but sun coming through']"
30803,VizWiz_val_00007372.jpg,a silver crock pot on a stove top,"['a gordon ramsey kitchen tool has a time on it', 'the front of a black and silver coffee maker', 'a black and metal kitchen appliance by gordon ramsay everyday that has an hour and minute setting and a display of the time', 'a clock on a gordon ramsay coffee pot that says 7 24 pm', 'in this pictures is a image of a oven top']"
28108,VizWiz_val_00004677.jpg,a can of food is on top of a table,"[""a can of campbell's potato soup and it is unopened"", ""a can of campbell's soup has a white and red label"", 'a can of campbells potato cream on top of a white counter', ""a can of campbell's cream of potato soup"", ""a can of cream of potato from the brand campbell's""]"
29988,VizWiz_val_00006557.jpg,a parking lot of a car parked in a parking lot,"['a tan suv is on the side of the road and has chrome wheels', 'a truck that is beige is parked in the lot', 'a silver suv driving in the rain with the picture taken through the window of a vehicle', 'a white suv is in the next lane of a road in the rain', 'tan colored suv seen through a rained on window']"
26381,VizWiz_val_00002950.jpg,a white thermostat is on top of a wooden surface,"['the front side of a digital remote control monitor on top of a table', 'a white device that takes temperature on a white table', 'the remote to a thermostat or gas logs that reads 59f', 'a remote control for the air conditioner sitting on a white table', 'a remote controller with buttons on a white table']"
24284,VizWiz_val_00000853.jpg,appears to be a picture of a blue fabric,"['open mouth with big pink tongue with taste buds showing', 'a close up image of a pale human tongue', ""a close up of a person's tongue that is sticking out"", 'a close up photo of a mouth with the tongue hanging out', 'this up close picture shows what looks to be a human tongue']"
29016,VizWiz_val_00005585.jpg,a white piece of fabric is laid out on top of a table,"['i see a cookie that looks like a waffle', 'a waffle like foodstuff lies on a wooden surface', 'a thin criss cross purple brown looking cookie']"
25502,VizWiz_val_00002071.jpg,a package of food is on top of a table,"['blue and white box labeled chocolateness sitting on top of a wooden and glass table', 'i see a blue white and red box of tissue', 'a colorful box with some text on it is sitting on the ground', 'a box of unopened chocolateness sits on a table', 'a box of chocolates with the label chocolateness']"
29149,VizWiz_val_00005718.jpg,a box of keurig coffee pods is on top of a counter,"['a close up of nail clippers with a white label on a kitchen counter', 'an iron thing which is used for working to joint something', 'a metal bracket with a upc code on a table', 'a new silver colored l bracket used for wall mounting shelves', 'a random piece of metal sitting on a grey surface']"
25171,VizWiz_val_00001740.jpg,a person is holding up a bottle of lotion,"['in a living room a white hand holds up a large white bottle of pills', 'a bottle of kyolic brand garlic supplements for circulation', 'person wearing forest green shorts on chair or sofa at foreground of photo using left hand to hold white circular plastic bottle of kyolic garlic', 'person holding a bottle of kyolic garlic supplements', 'a white plastic bottle of kyolic circulation health supplement']"
26415,VizWiz_val_00002984.jpg,i see a can of food is on top of a table,"['a black and stainless steel mr coffee maker', 'an electric mister coffee automatic brewing machine and carafe', 'a coffee machine is on a counter near other kitchen utensils paper and envelopes', 'a stainless steel coffee maker with options and controls on the front and placed on a kitchen counter surrounded by envelopes and paper', 'coffeemaker sitting on a counter top surrounded by various objects']"
23761,VizWiz_val_00000330.jpg,a computer screen with a blue background and white text,"['a windows operating system has a prompt appearing for the startup repair application', 'a monitor displays some sentence on a white background', 'windows startup repair message saying that windows cannot be repaired automatically and that you should take out any newly attached devices and restart the computer', 'close up of an error with the windows operating system', 'a computer monitor shows a startup repair page']"
30130,VizWiz_val_00006699.jpg,a person wearing a blue shirt with a white collar,"['bed with brown and yellow sheets on it', 'an unmade bed with tan and brown pillows against a sofa', 'a white and brown comforter laid across bedding']"
26473,VizWiz_val_00003042.jpg,a close up of a box of food is on top of a table,"[""a close up of a food package's image of macaroni and cheese on it"", 'a box of mac and cheese and beef', 'macaroni and cheese with bits of hamburger in it', 'photograph of macaroni and cheese with meat pieces']"
25998,VizWiz_val_00002567.jpg,the back of a box of food showing the nutrition facts,"['a box of honey nut cheerios turned on the nutritional facts side', 'box of cheerios with the nutrition list on the side', 'a picture for an ingredients of a corn box that put on a table with peanut butter and a woman next to it', 'a box of cheerios showing the nutrition facts', 'the packaging for the product has the ingredients on the back']"
23777,VizWiz_val_00000346.jpg,a close up of the back of a box of medicine,"['a small blue package is on top of a wooden surface', 'the lower left corner of this sign shows a partial word written in the capital letters c o o r d i which is underneath', 'blue sign with silver framing around sign on wooden table', 'blue sign with white text on a brown wooden surface']"
24487,VizWiz_val_00001056.jpg,a white piece of paper with black text on it,"['a piece of white paper with some type of writing on it', 'some text on a white background is shown']"
27017,VizWiz_val_00003586.jpg,a package of meatloaf is on top of a wooden table,"['a sealed cover for a food ingredient on a wooden table', 'a couple of tv dinners that are right on the table', 'two frozen dinner packages sitting on a wood surface', 'to microwave dinners one lamb and the other beef', 'a couple of packages of food are on top of a table']"
24656,VizWiz_val_00001225.jpg,a package of food is on top of a table,['a decorative piece of gold colored fabric with gold lace and black and white cotton adorned on top displayed in unique shapes']
28044,VizWiz_val_00004613.jpg,a white piece of paper with black text on it,"['a richmond brand logo with black and red text on a gray tee shirt', 'the photo is of the word richmond and another blurry word on a piece of fabric', 'black and red text on is an unknown surface']"
28300,VizWiz_val_00004869.jpg,a person is holding up a bottle of lotion,"['a packaged boxed dinner sitting on top of a surface counter that is slightly opened and getting ready to be prepared', 'cooking book on top of a kitchen counter', 'a unopened box of frozen dinner that is yellow and green', ""a partially visibly frozen amy's tamale verde dinner only the top third of the box is visible on the right side of the image""]"
26511,VizWiz_val_00003080.jpg,a package of frozen food is on top of a table,"['two packages of instant noodles on a table', 'two packages of instant noodles in mi goreng flavor', 'two packages of ramen style instant noodle soup', 'two packages of instant noodles with a logo and expiration date on the packages', 'two packs of fried instant noodles lie on top of a beautiful wood surface which is likely a table']"
30454,VizWiz_val_00007023.jpg,a person is holding up a box of medicine,"['the label on the front of a bag of deli meat', 'a package of meat that is right on top of the table', 'a plastic bag with meat on it and a barcode sticker on the top in white and black', 'a printed tag showing the price weight and date stuck to a clear cellophane wrapper covering a piece of meat', 'a piece of meat with a label shown displaying it cost 2 96']"
23730,VizWiz_val_00000299.jpg,a computer screen with a pop up window on it,"['a computer screen with operating system recovery options box in center of screen', 'a computer screen with an pop up showing something downloading', 'a computer screen is showing a window with certain text', 'laptop screen showing systems recovery options with mouse clicker', 'a computer screen with a systems recovery options window open']"
27985,VizWiz_val_00004554.jpg,a person is holding a bottle of lotion,"[""partial view of a container showing the ingredients list of it's contents"", 'a white container of unknown product is on its side on a red fabric surface', 'a partial white jar with small black letters on a red surface']"
24664,VizWiz_val_00001233.jpg,the cover of a book about <unk> <unk>,"['a copy of a book part 1 about music with a picture of chickens on the front', 'cover of a book or cd about music with part of title and subtitle at top photograph of brown chicken with yellow chick light blue', 'a textbook about music that is resting on a table', 'a book about music sits on top of a brown wooden surface', 'the front cover of an educational book about music and science']"
29224,VizWiz_val_00005793.jpg,a bottle of body lotion is on top of a table,"['an almost empty tube of medicine on a rag', 'a white tube of retin a zero point zero five percent cream', 'a mostly used tube of some sort of medicinal cream', 'a tube of betin a cream on a white tablecloth', 'an ointment or cream is displayed against a white cloth']"
24051,VizWiz_val_00000620.jpg,a picture of a computer screen with a blue screen,"['the administrator command prompt in windows with file sizes listed on it', 'a laptop screen with a black encoding box', 'windows laptop with command prompt showing information on disk space', 'a computer monitor with miscellaneous text on it is in the foreground and there is a table and chair with various kitchen items in the', 'a computer screen that has white words written on a black screen']"
30944,VizWiz_val_00007513.jpg,a black laptop computer with a black screen with white text on it,"['a long metal instrument has an orange handle', 'a silver pen has an orange grip on it', 'cylinder ink pen with aluminum on top and orange color on bottom']"
23512,VizWiz_val_00000081.jpg,here is a picture of a box of crackers,"['a novel with a piece of tape on it sits on the table', 'book with an image of a boat and a white piece of paper behind it', 'a closed book with a bookmark inserted and a black and orange cover that has a yacht on it', 'hardcover book with picture of boat on water with fire in backdrop of scene with title and other writing in white lettering', 'the top right corner of a paperback book by clive cussler and dirk cussler']"
28116,VizWiz_val_00004685.jpg,a white piece of paper with black text on it,"['a white container of cream is on a white table', 'a bottle of lotion that is right on the table', 'white lotion tube with black writing placed on table', 'a tube of hand cream lying on a table']"
27000,VizWiz_val_00003569.jpg,a hand holding a can of campbell's cream of mushroom soup,"['a hand holding a unopened can of vegetable classics garden soup', 'the photo contains a person holding a can of vegetable soup', 'a can of progresso garden vegetable soup that is 1 pound', 'a person is holding up a can of soup', 'someone holding a can of progresso garden vegetable soup']"
29347,VizWiz_val_00005916.jpg,a twenty dollar bill sitting on a wooden table,"['green 1 bill laying flat on red rug', 'a one dollar bill has a picture of the president', 'one united states of america dollar mostly flat but with some small wrinkles', 'a single one dollar bill on top of a cloth tablecloth', 'united states currency in a one dollar denomination']"
28037,VizWiz_val_00004606.jpg,a box of coffee is on top of a table,"['packet of gourmet microwave popcorn still in plastic', 'a bag of gourmet microwave popcorn inside a plastic bag', 'package of microwave popcorn still in it plastic outer wrap sitting on an upholstered furniture', 'a box of microwavable food wrapped in clear plastic on a couch', 'a couch or bed new delivery with a plastic caution label']"
27118,VizWiz_val_00003687.jpg,the back of a box of food showing nutritional information,"['the instructions for a box of frozen macaroni', 'the back of a container of macaroni ready cut coupe', 'the nutrition facts are displayed on a box of food', 'the back of a blue box of macaroni that displays instructions and nutrition information', 'the ingredient label of a food product is in the kitchen']"
29651,VizWiz_val_00006220.jpg,a laptop computer screen with a white screen,"[""an apple brand ipad tablet computer is held in someone's hand"", 'a white tablet being held up at an angle with the screen facing upwards in front of a patterned couch', ""a white ipad tablet with the screen off in a person's hand"", 'ipad tablet in front of a couch not turned on', 'a white ipad mini electronic device being held in a hand']"
30953,VizWiz_val_00007522.jpg,a bottle of coca cola sitting on a table,"['i see a jar of jif peanut butter on the table', 'a close up picture of jif creamy peanut butter', 'jar of jif brand creamy peanut butter 18 oz', 'a jar of jif creamy peanut butter sitting on a countertop', 'best quality of creamy butter product name of jif bottle is here']"
25604,VizWiz_val_00002173.jpg,a sheet of paper with a math problem on it,"['a written document about british columbia control of liquor from prohibition to privatization', 'white sheet with black text contain information about easy money', 'a paper that says demon rum or easy money government control of liquor in british columbia from prohibition to privatization', 'a piece of paper with text about liquor laws possibly a cover sheet', 'bold printing on clear paper concerning government control of liquor in british columbia']"
28763,VizWiz_val_00005332.jpg,the back of a can of food showing nutritional information,"['the back of a can of some kind of food product', 'a back of a can of soup with lettering on it']"
24514,VizWiz_val_00001083.jpg,the back of a box of food is on top of a table,"['a white piece of paper with black ink', 'a blank very fuzzy looking application like form', 'the application is blank and is hard to read', 'a printed form on white paper with black letters and boxes to fill in', 'a white piece of paper with black writing and lines with boxes sits flat on a surface']"
29911,VizWiz_val_00006480.jpg,a book with a picture of a woman on the cover,"[""kacey musgraves' album art on a compact disc sitting on a fabric of woven burgundy mauve blue and green"", 'a young woman named kacey musgraves is pictured on a cd jacket', 'the cover of a kacey musgraves cd entitled same trailer different park showing kacey sitting in front of a desert landscape with many cacti', 'a kacey musgraves cd sitting on thick fabric likely a couch', 'a woman is sitting in the album picture']"
26211,VizWiz_val_00002780.jpg,the back of a package of food is on top of a table,"[""white cardboard box with blue text on top of a grey countertop and photographer's belly"", ""a box from schwan's containing boneless diced turkey tenderloin in gravy"", 'box of turkey tenderloins on a gray counter', 'a box for schwans frozen turkey tenderloin in gravy']"
23462,VizWiz_val_00000031.jpg,a computer screen with a blue screen and white text,"['a computer screen with an antenna ear behind it and a speaker on the side of it', 'a computer monitor showing a samsung recovery solution 4', 'computer screen with blue background and samsung recovery solution 4 message in white including a yellow triangle with mark and there is part of the', 'a computer screen is displaying a window with a message', 'a snapshot of a computer desktop screen']"
23796,VizWiz_val_00000365.jpg,a computer screen with a pop up window on it,"['a computer monitor screen displays a meeting program', 'a laptop computer screen is open and has repair dialog boxes on the screen', 'computer showing a startup repair screen that is asking if they can send information about the problem', 'part of a laptop screen showing two startup repair dialog boxes and a webcam above', 'a computer monitor is showing a repair window']"
25731,VizWiz_val_00002300.jpg,a bottle of diet coke sitting on a wooden table,"['i see a spray can to control insects on a dusty table', 'a can of some sort of insect killer or repellent laying on a wood surface', 'a tin spray can of bug spray has images of wasps', 'a bug spray product is on a wooden surface', 'a blue can of bug repellent from a local walmart']"
31109,VizWiz_val_00007678.jpg,a can of food is on top of a table,"['a glass bottle labelled with c cumin ground', 'a picture of an image of cumin ground bottle placed on a flat surface', 'looks like a bottle of cumin ground seasoning', 'a jar of ground cumin is sitting on a table', 'on the table is some empty wrappers and a bottle of cumin']"
30850,VizWiz_val_00007419.jpg,a computer screen with a blue background and white text,"['some windows on a computer talking about image backup', 'a computer monitor is showing a pop up on the screen', ""close look at a computer monitor's screen which displays a message about restoring the system with an image file but windows cannot find a system"", 'a computer monitor screen on described by the image']"
28739,VizWiz_val_00005308.jpg,a black keyboard with white keys on a desk,"['a black keyboard with white lettering on the keys', 'a close up of a black keyboard showing white lettering and symbols on a wooden desk', 'a close up of black keys on a keyboard', 'some type of black and white keyboard that is white', 'a black computer keyboard is on top of a desk']"
24197,VizWiz_val_00000766.jpg,a computer screen with a blue screen,"['a laptop screen showing the desktop in front of a person sitting on a couch', 'a laptop computer open to the home desktop with multiple icons available for clicking', 'computer screen showing various icons on the desktop']"
23851,VizWiz_val_00000420.jpg,a computer screen with a blue background and a blue background,"['part of a computer screen showing windows altering the desktop', 'a computer monitor showing that the operating system is working on some task', 'i see a turned on and lit computer screen with words on it', 'a computer laptop screen that you can use to view stuff on it']"
30550,VizWiz_val_00007119.jpg,a white piece of paper with the word <unk> on it,"['a black and white print of a church', 'a framed drawing of a building and a tree next to a door', 'a pencil drawing of a church and tree framed in a silver and black rectangular frame', 'a sketch of a church and trees on a gray and black frame against a cream colored wall']"
25515,VizWiz_val_00002084.jpg,a black and white car parked in front of a car,"['a red car is outside inside of the driveway in the sunlight', 'sports car with a for sale sign in the window', 'a red card with a for sale sign in a driveway', 'a red car that is for sale and has a sign in the window', 'a red coupe with a for sale sign in the window']"
30946,VizWiz_val_00007515.jpg,a person is holding up a bottle of lotion,"['hand holding a bag of food with other kitchen items in background', 'a can of beans held up near a kitchen counter', 'a person holding a can of baked beans in front of a counter with items upon it', 'a hand is holding a white bottle in the background a table with some kitchen utensils and a coffee machine', 'a hand holding a can of baked beans or kidney beans']"
27644,VizWiz_val_00004213.jpg,a tv is on top of a tv stand,"['television that is sitting on a wood shelf unit showing a white woman with a blue shirt', 'a television is turned on and showing a video', 'a television set on an entertainment stand cornered against the wall', 'a modern tv is showing a fat old woman', 'a tv sits on a brown tv stand in the corner of a room the tv have a woman on the screen']"
25621,VizWiz_val_00002190.jpg,a black remote control is on top of a wooden table,"['a cell phone mounted onto a plastic display stand', 'a cell phone turned on to the home screen with a usb cable plugged into it resting on a wooden table', 'a smart phone sitting on a pedestal style charging station', 'a smartphone screen with the home screen showing several apps', 'a phone sitting upright on a hardwood floor near a charger']"
30609,VizWiz_val_00007178.jpg,a box of coffee is on top of a table,"['a blue cardboard box with a spout containing liquid', 'the top of a box of liquid showing the expiry date', 'a blue box with a blue pour lid held by a person', 'pictured is what appears to be a container of some sort of broth or other liquid', 'the top of a liquid carton showing the sell by date']"
28738,VizWiz_val_00005307.jpg,a box of cereal is on top of a table,"['a small unopened box of orange flavored jell o', 'gelatin jell o package that is in the box and it a orange flavor', 'a box of orange flavored sugar free jell o', 'a box of jell o brand orange sugar free jell o on a tin surface', 'a box of gelatin is lying on top of a table']"
29194,VizWiz_val_00005763.jpg,a living room with a wooden door and a wooden floor,"['i see a desk that is full of computers', 'three workstations with cabinets and laptop computers are separated by grey cloth office dividers', 'some office like room is partitioned and each has computer and black chair', 'white office cubicles with black computer monitors on white desks and gray office chairs', 'in the large room with off white or light tan walls and on the far side there is a row of desks set up as']"
25118,VizWiz_val_00001687.jpg,a person is holding up a bottle of lotion,"['someone is holding a dr pepper can near a samsung laptop', 'someone is grasping a can of soda at the top of the can', 'an soda can rotated in an grasp that holds it over an counter', 'a hand holding a can that is too blurry to read', 'a person is holding a red soda can']"
26290,VizWiz_val_00002859.jpg,a package of macaroni and cheese is on top of a table,"['part of the bag of frozen vegetables is labeled that it has great garlic flavor', 'a package containing a chicken and vegetable dish with garlic flavor', 'a walmart brand bag of frozen vegetables with garlic butter']"
29451,VizWiz_val_00006020.jpg,a can of food is on top of a table,"[""a can of campbell's brand cream of mushroom soup"", 'a picture of two unopened can of food sitting on a white folding table', 'a can of cream of mushroom soup on a table', 'side view of one can of soup with a red label sitting in front of a can of cream of mushroom soup on a table']"
25176,VizWiz_val_00001745.jpg,a person is wearing a black and white shirt,"[""a picture of random objects in a person's bedroom"", 'the underside of a bed with various objects on a beige carpet', 'the side of a metal bed inside of a tent']"
28490,VizWiz_val_00005059.jpg,a person is holding a can of diet coke,"['a red football helmet is wrapped in clear plastic', 'a red toy helmet in a plastic package on a table', 'miniature football helmet placed a plastic protective case', 'a model of a red football helmet with the number 12 encased in clear plastic', 'a football helmet with the number 12 on the side in a plastic case']"
25775,VizWiz_val_00002344.jpg,a newspaper with a picture of a <unk> <unk>,"[""a jukebox blues cd with images of african american people on the front sitting on a male's lap"", 'a cd jewel case containing jukebox blues music', 'a cd case for a cd called jukebox blues', 'a cd of jukebox blues sitting on the lap of a person wearing black shorts', ""someone's have a jukebox blues is in his hand""]"
25693,VizWiz_val_00002262.jpg,a person is wearing a red shirt with a red collar,"['i see a lamp that is attached to the ceiling', 'a kids climbing thru tunnel that is multi colored', 'a red green yellow and black covered article sits in front of an open doorway', 'a door has a black and red box attached to it', 'blanket with dots red and yellow white door in the back']"
31134,VizWiz_val_00007703.jpg,a picture of a computer screen with a white background,"['directional for gate c 19 at an airport', 'airport sign with the gate number c 19 and a clock', 'a sign for gate c 19 at an airport', 'people are waiting for a flight in an airport', 'an airport terminal with gate c 19 sign with people seated in the back']"
30993,VizWiz_val_00007562.jpg,a white and white owl is on top of a wooden table,"['a modern beautiful indoor light with a white roof', 'a ceiling lamp with different light illuminating the room', 'ornate chandelier from a marble ceiling with a door', 'a broken ceiling light on it that is old and vintage', 'hanging from the marble looking ceiling is a chandelier that is lit up and a door is in the background']"
29660,VizWiz_val_00006229.jpg,a bottle of purell hand sanitizer sitting on a wooden table,"['a portion of the product label including product information as text from a bottle of over the counter medication is shown resting on a wood', 'a bottle of medicine for cold relief on a wood table', 'a bottle of cough medicine on top of a wood table', 'the bottom edge of a bottle of over the counter cold medication']"
24318,VizWiz_val_00000887.jpg,a computer screen with a captcha on it,"['a 2013 calendar with a nature design on the february month', 'a calendar that is currently on the month of february', 'a calendar showing the month of february 2013', 'a calendar with some very important date written on it', 'the calendar has a lovely outdoor scene and has isd written on the eighth and ninth of february but the calendar is for the year']"
24388,VizWiz_val_00000957.jpg,a laptop computer with a black screen and a keyboard,"['a black hp laptop open to a screen that says continue startup', 'a laptop computer that has a blue screen and grey keyboard', 'a hp model laptop with white coding words display on the screen', 'a black hp laptop showing an error screen', 'a tan hp computer monitor and keyboard with blurred white text on a blue background screen is partly shown']"
31122,VizWiz_val_00007691.jpg,quality issues are too severe to recognize visual content it's too blurry to recognize visual content,['a large blank space without boundaries although the color changes from white on the left through to beige on the right']
24543,VizWiz_val_00001112.jpg,a computer screen with a web page pulled up,"['part of the keyboard and screen of a silver macbook displaying the center of the keyboard and text on the screen', 'a laptop with a page of print being displayed on the screen', 'a macbook air with a long text document open on it', 'a partial screen and partial keyboard of a macbook air', 'macbook air with keyboard and screen showing application shortcut dock and text in an application window']"
24290,VizWiz_val_00000859.jpg,a white piece of paper with black text on it,"['an official paper document with an eagle seal for the united states and spanish text', 'a piece of paper with an stamp and some spanish writing', 'estados unidos mexicanos seal with eagle and snake on a cactus', 'a piece of a paper with the mexican seal on it', 'a logo on some kind of government form written in spanish']"
28987,VizWiz_val_00005556.jpg,the back of a box of food showing nutritional information,"['rectangular menu with breakfast items placed on table', 'a breakfast menu is laying on a table along with a glass of orange juice', 'i see a menu down on a counter with a glass of the orange juice in the upper left corner', 'pictured is a white paper restaurant menu with red blue and green text', 'in a food restaurant shows the front cover of the food menu and a glass of orange juice']"
25924,VizWiz_val_00002493.jpg,a person wearing a blue shirt with a white collar,"['a close up of someone wearing a yellow button up shirt', 'the front pocket of a yellowish colored t shirt', 'someone wears a white pullover shirt with a reddish stain down the front', 'a person is wearing a cream colored polo shirt with a pocket', 'breast pocket on a white shirt with buttons at the collar']"
28061,VizWiz_val_00004630.jpg,a person is holding up a bottle of lotion,"['a person holding a bottle of pink liquid with a black label', 'a person hand holding a pink color small bottle with black label', 'a hand holds a palm sized pink bottle with a black label', 'a plastic bottle with pink liquid held by a person near a table and other objects', 'pictured is what appears to be a small jar of pink paint being held up']"
30305,VizWiz_val_00006874.jpg,a red paper with a red and white design on it,"['the inside of a book with a pen holder sealed in plastic', 'a white document with repetitive yellow pink and orange designs and a green background border is packaged over cardboard', 'this clear plastic wrapped item has a colorfully printed white covering', 'colorful page with decorative symbols and unique text font', 'paper or cloth with several patterns of multiple colors']"
29026,VizWiz_val_00005595.jpg,a picture of the food is on the table,"['a room with a dining table set with placemats and vases filled with flowers', 'a dining room table with two vases of flowers on top', 'two large floral bouquets one in a red vase and one in a wire and green vase', 'two large bouquets of mixed flowers sit on a dining table with a white tablecloth and floral placemats', 'two vases of pink and purple and yellow flowers sitting on a table with a floral cover in a room with reddish curtains']"
23497,VizWiz_val_00000066.jpg,a close up of a computer screen with a blue background,"['among the prints the word office is the only one that is a bit clear', 'a microsoft product is showing where its product key is', 'the top portion of a package of software', 'a silver case with the product key for microsoft office', 'microsoft office 2012 product key covered or missing']"
27842,VizWiz_val_00004411.jpg,a pair of black pants sitting on a brown leather couch,"['backside of a black and white nike athletic shoe', 'a close up of the sole of a nike shoe', 'the side of a black and white nike sneaker is featured', 'close up of a supportive styled nike sneaker']"
28907,VizWiz_val_00005476.jpg,a black pen is on top of a wooden table,"['a pencil is sitting on a flat surface', 'a freshly sharpened black colored pencil on a white table', 'the black pencil that has no eraser is lying on the white surface', 'a sharpened is lying on top of the table', 'a black colored pencil showing the full length and very clear']"
31121,VizWiz_val_00007690.jpg,a black laptop with a black screen and a blue screen,"['small gray open laptop is sitting in from of a desktop monitor', 'a detachable laptop has a display showing an error message', 'a laptop computer seated in front of a larger computer monitor displaying some sort of message box', 'a laptop computer that is not turned on with a tv in the background']"
28546,VizWiz_val_00005115.jpg,a close up of the back of a package of food,"['a printed menu or other laminated page sitting on a table', 'a back of a video movie tells about the plot']"
25950,VizWiz_val_00002519.jpg,a white piece of paper with black letters on it,"['a white and green polka dot fabric that is bunched up', 'a white sheet blanket with green polka dots on it', 'a white fabric with small lime green dots', 'some grey material with lime green polka dots lies all misfolded', 'white t shirt type material with green polka dots and piling']"
29330,VizWiz_val_00005899.jpg,a can of food is on top of a counter,"['side of a can of old el paso brand peeled green chiles', 'a tin can of old el paso branded food with a yellow label', 'a small yellow cylindrical tin of a consumable', 'a small can of peeled green peppers lying on a marble counter', 'a short yellow can containing green peppers sits on a shelf']"
27966,VizWiz_val_00004535.jpg,a can of food is on top of a counter,"['two cans standing side by side from one another on a counter', 'a picture of select harvest tin tomato placed on a flat surface', 'two cans of harvest tomato with basil soup', ""two cans of campbell's select harvest soup that are tomato and basil flavored"", 'two cans of harvest tomato soup sits on top of a kitchen appliance']"
30446,VizWiz_val_00007015.jpg,a close up of the image of a human hand,"['a red protective case for a small cell phone device', 'the photo is of an object that is placed on a table the framing is off', 'a red cutting board is on the black granite table']"
27088,VizWiz_val_00003657.jpg,a can of soup is on top of a table,"['a can of vegetable soup on top of a stove top', 'a can of veg all vegetables is shown on a stovetop', 'a tin can of vegetables with a green and white label sit near a burner on a stove', 'a vegetable filled tin can near a stove', 'a can of veggies sitting on a stove top']"
24738,VizWiz_val_00001307.jpg,a bottle of hand sanitizer is on top of a table,"[""a plastic bottle coca cola inside of a man's lap"", ""a bottle of soda is laying on a person's lap"", ""a plastic bottle full of discount soda laying on someone's lap that is wearing orange hawaiian shorts"", 'a two liter bottle of cola rests in the lap of the photographer who is wearing shorts', 'a hug bottle of cola or a family size soda']"
25801,VizWiz_val_00002370.jpg,a can of food is on top of a table,"['a can of pinto beans on a counter top', ""a tin can of pinto beans is laid on it's side"", 'a can of beans laying on its side on a table', 'a can of pinto beans with red and brown beans on the label sideways on a beige background', 'can of pity beans with 5 grams of fiber per serving']"
26514,VizWiz_val_00003083.jpg,a package of food is on top of a table,"['an package of garlic bread and the cooking instructions on the back', 'a package of garlic bread is right on top of the table', 'a loaf of garlic bread is in the package on the table']"
25457,VizWiz_val_00002026.jpg,a close up of a white piece of fabric,"['part of a grey piece of slightly wrinkled fabric with no discernible characteristics', 'a close up of a grey cloth of some sort', 'a silver piece of cloth that that is not straight', 'a white colored piece of fabric stretched out on an object']"
23998,VizWiz_val_00000567.jpg,a computer screen with a pop up window on it,"['a desktop screen with a restore warning sign on the screen', 'a gray and blue startup repair window on a computer screen', 'a photo of a computer screen with the restore function on it saying your computer was unable to start', 'startup repair screen on a computer with text', 'a microsoft windows message prompt box with system restore instructions and buttons']"
26343,VizWiz_val_00002912.jpg,a box of honey maid brand jelly beans,"['a zhu zhu pets woody wagon box with a blue car on the front', 'a box for a toy truck with a surfboard on the roof and a hamster driving it', 'a toy for a pet hamster which includes a car and a surfboard', 'a blue car with a surfboard strapped to the top on the front of a toy box', 'a close up of a box for a toy hamster car']"
24528,VizWiz_val_00001097.jpg,a computer screen with a blue background and white text,"['a text on a computer about chemical elements', 'a computer screen with one line of text that someone has highlighted', 'appears to be a picture of a screen', 'a computer screen with the question 1 what are the chemical elements that form most of living biological matter', 'a strip of blue tape with white letters asking about chemicals']"
30792,VizWiz_val_00007361.jpg,a street with trees and grass on the street,"['baron trees surrounding a pond with a hill or mountain in the background', 'leafless trees stand in the foreground with a small body of water behind them and more trees stand on the opposite shore with a rolling', 'a small pond outdoors with many trees around it with no leaves on it', 'outside near a lake and river with a bunch of trees', 'a view of a small river and a mountain line and trees']"
27649,VizWiz_val_00004218.jpg,a close up of a computer screen with a black background,"['a wooden desk with a laptop and other electronics on it', 'a bright white circle that darkens to gray at the edges', 'a blank monitor or tv screen that is turned off', 'a gray metal surface is shown against a dark background']"
25198,VizWiz_val_00001767.jpg,a can of food is on top of a table,"['a table with an assortment of different candy and some decorative crosses', 'several images shown in this picture that include different brand candy bars on display as well as several boxed figures of crucifixes', 'a display showing what appears to be some crosses in some boxes some candy and possibly some cat food', 'a table with candy boxes and towels on it', 'a group white crosses in boxes are at the lower right hand of the picture with what looks like candy bars in the background']"
27917,VizWiz_val_00004486.jpg,a can of food is on top of a table,"['a container has a packet of food on it', 'a storage area containing plastic holders cups and crackers', 'a tile wall with food items sitting in front of it', 'food products on a ceramic tile shelf surrounded by tupperware and disposable cups', 'several boxed and bagged food items a tupperware container styrofoam cups']"
24035,VizWiz_val_00000604.jpg,a person is holding a bottle of lotion,"['a person is holding a laptop screen on the top', 'a hand that is holding a computer screen that is turned on', 'a person hand holding a white color background screen of a laptop computer', 'a handheld screen that is let up white with icons in the corner']"
24260,VizWiz_val_00000829.jpg,a computer screen with an error message,"[""the screen for paypal on a person's computer"", 'on a laptop screen a web page is loaded with an ad on the top border', 'a computer screen that is currently on an itunes music page', 'a computer monitor has an open window on the screen', 'a laptop with a paypal screen there are different colored outlines of people dancing on the screen too']"
28134,VizWiz_val_00004703.jpg,a bottle of body lotion is on top of a table,"['a blue candle in a haw made in the usa', 'blue fresh linen candle from our own candle company fresh linen scented', 'a blue linen scented candle that was made in the usa', 'the side of a blue jar candle with part of the label', 'a blue linen scented candle in a glass jar']"
28627,VizWiz_val_00005196.jpg,a close up of a computer screen with an error message,"['black sharpie pen on grey pad on light colored surface', 'a black sharpie pen is sitting on the table', 'black sharpie pen laying horizontal on a white surface', 'black permanent marker sharpie brand with the cap on', 'a black sharpie marker on top of an ipad cover']"
27253,VizWiz_val_00003822.jpg,a person is wearing a black shirt with white text on it,"['one brown left dress shoe with purple foam insert', 'a brown loafer with a brown cushioned insole is shown', 'a see the top side of a brown bedroom slipper and the finger of a person', ""a single dark brown leather slip on men's shoe"", 'a large brown leather shoe sitting on a surface']"
23509,VizWiz_val_00000078.jpg,a computer screen with a blue background and white text on it,"['a laptop screen for a thinkpad that shows a loading screen', 'a computer monitor with a black background and a blue and white screen', 'computer monitor displaying a windows message to enter password key disk']"
24029,VizWiz_val_00000598.jpg,a page from a book about <unk> and <unk>,"['a white paper has a table of numbers and other information in a asian language', ""article with an infographic and table containing nutritional information related to mcdonald's"", 'a very large print out mcdonalds menu in english and japanese text', 'pictured is a page with oriental writing on a printed page']"
29742,VizWiz_val_00006311.jpg,a person is holding up a bottle of lotion,"['a shiny pink box containing perfume on a wooden floor', ""a pink box of mango branded women's perfume is next to a decorated wrapping paper"", 'a purple mango brand is placed next to some things placed on the floor', 'a red box of mango shower gel setting on a oak table with red wrapping paper in the background', 'a bath and shower gel is among other accessories']"
26064,VizWiz_val_00002633.jpg,a package of food is on top of a table,"['a rainbow tie dye like niagara falls embedded glass', 'painting or a t shirt with painted design and words niagara falls', 'an outdoor scenic picture with niagara falls in white lettering']"
27244,VizWiz_val_00003813.jpg,a person is wearing a black and white striped shirt,"['appears to be a picture of a pair of shoes', 'a pair of dark brown leather boots sitting on a blue carpeted floor', 'a pair of hiking boots sitting on a blue colored floor', 'a pair of hiking boots on the carpet of a room', ""pair of men's brown hiking or work boots on bluish carpet""]"
25929,VizWiz_val_00002498.jpg,a person wearing a blue t shirt with white text on it,"['a pink sparkled piece of fabric laying on a black couch', 'a pink shiny purse is on a black leather chair', 'shining pink fabric with a strap sitting on top of a black leather bag']"
28836,VizWiz_val_00005405.jpg,a clear plastic bottle with a white label on it,"['silver rimmed edge of a magnifying glass with a blue handle', 'a lens in a silver loop with a blue handle', 'a magnifying glass is lying on top of a table']"
30902,VizWiz_val_00007471.jpg,a thermostat is on top of a wooden table,"['the side of a door where the hinges are connected to the wall', 'a silver circular plaque mounted on a wall next to a door', 'brown door next to a large silver object of a person holding a large thin object', 'the back of a closed door in a room with a brown wall']"
24515,VizWiz_val_00001084.jpg,a close up of a computer screen with a blue screen,"[""a person's elbow in front of a couch"", 'a cushioned seat with dark green patterned fabric']"
26734,VizWiz_val_00003303.jpg,a can of food is on top of a table,"['a can of what appears to be whole corn sits on a table in a house', 'a portion of a canned good item of food the brand is great value', 'can food unopened sitting on the kitchen counter', 'a can of great value food sitting on a brown desk', 'a can of great value corn sitting on a table']"
25634,VizWiz_val_00002203.jpg,a package of food is on top of a table,"['oreo cookies packet with a image of milk and chocolate', 'a package of oreo cookie snacks with marble background', 'a package of fudge covered oreo cookies on a counter', 'the edge of a package of chocolate cookies']"
25410,VizWiz_val_00001979.jpg,a computer screen with a captcha on it,"[""a flyer for an event featuring various sponsor's logos and a picture of a woman swimming with goggles on"", 'a paper showing a lady swimming in a water', 'a poster advertising a swim competition in german is shown', 'a screen displaying someone under water and given some descriptions inside', 'a sports magazine shows a swimmer on the cover']"
26047,VizWiz_val_00002616.jpg,the control panel of an electronic device,"['a thermostat with three buttons is set to 25 celsius', 'an electronic thermostat with screen various function buttons', ""an electric display of a home's thermostat has three large buttons"", 'a remote control for a hvac unit that is turned on and set to cool', 'a digital thermometer shows that the temperature is 25 degrees']"
29439,VizWiz_val_00006008.jpg,a silver laptop keyboard with black keys and white keys,"['a silver wireless keyboard for a mac computer', 'a keyboard that is laying on a table that has different letters and numbers on it', 'a black desktop with a apple keyboard on top of it', 'an apple mac keyboard sitting on a desk top', 'a macbook keyboard that is white and silver on the floor']"
29042,VizWiz_val_00005611.jpg,a person is holding a bottle of lotion,"['dvd case of kacey musgraves is on the black floor', 'the photo is of a compact disc by the artist kacey musgraves', 'a photo of a cd case by kacey musgraves', 'a musical cd in its case over a black fabric', 'a compact disc sitting on a brown and pink cushion']"
25124,VizWiz_val_00001693.jpg,a bottle of lotion is on top of a table,"['a white pill bottle with cholesterol supplements laid on the pink rug', 'a bottle of supplements to reduce cholesterol that is closed', 'a bottle of vitamins is laying on the floor with the label partially displayed', 'a bottle of cholesterol pills that is used in health diet', 'a side angle view of a medicine or vitamin bottle visible front reads natural cholesterol helps reduce total and ldl cholesterol procaps laboratories 360 easy']"
25594,VizWiz_val_00002163.jpg,a white wall mounted on a white wall,"['a framed artwork showing gold colored plants with a red matting', 'the lower half of some sort of painting of reeds', 'a black framed and red matted wall decoration of shafts of wheat and red flowers', 'bottom of a painting of gold grasses and leaves', 'a dark wooden picture frame is on a wall with a golden design']"
26065,VizWiz_val_00002634.jpg,a person is wearing a blue button up shirt,"['a remote that has black red green and yellow buttons on a purple surface', 'a silver remote control has many black buttons', 'large metal remote with black push buttons on it', 'a television remote control device is laying on lavender fabric', 'remote control in a very bad state in the chair']"
27790,VizWiz_val_00004359.jpg,a computer screen with a window open on it,"['a screen on a windows laptop displaying driver information', 'computer monitor showing a window with text that describes the installation process for a computer program', 'this computer screen a warning indications for a missed file sitting in a dark office with at least one other monitor present', 'a computer screen with a pop up that gives instructions about drivers for a hard drive', 'rectangle object that projects videos images text and sound']"
28152,VizWiz_val_00004721.jpg,a bottle of body lotion is on top of a table,"['a glass jar of dolmio brand creamy sauce for lasagne', 'a jar of dolmio creamy lasagne white sauce', 'a jar of dolmio brand creamy lasagne sauce', 'a glass jar of sauce with a green lid', 'dolmio brand glass jar of creamy white sauce for lasagne']"
28310,VizWiz_val_00004879.jpg,a person is sitting in front of a chair,"['a small pink bottle of fragrance on a tile floor', 'a pink object with a grey cap on top of a multi colored tiled floor is in front of a white door with keys in', 'one pink water bottle one shoe set in floor door is closed and key is placed on the door lock', 'a pink case with some stuff inside of it', 'bottles pink perfume on a light brown and grey tiles floor']"
28938,VizWiz_val_00005507.jpg,a person wearing a blue shirt with a white collar,"['a blue shirt is folded up into a neat square', 'a hand is holding onto a blue material', 'a soft light blue cloth that is folded into an approximately one feet square', 'blue shirt being held up over a tile floor', ""a blue shirt folded up and held in someone's hand""]"
26928,VizWiz_val_00003497.jpg,a bottle of lotion is on top of a table,"['a closeup of a nutritional label on a package with surge protector in the background', 'a purple can sitting next to a surge protector', 'an electrical outlet strip on the floor with one plug plugged in there is a can of orange crush in the background and a purple']"
24108,VizWiz_val_00000677.jpg,a computer screen with a window open on it,"['a computer screen with some sort of article or paper pulled up on the screen', 'a computer screen with an open text document', 'an electronic device used to work which displays a output', 'a shot of part of a computer screen showing some text', 'a computer screen with instructions on data entry and responsibilities for those jobs']"
28612,VizWiz_val_00005181.jpg,a hand is holding a box of vanilla jell o vanilla pudding,"['a hand holding packaged food called kepekli the background is a green wall open door and it is dark in the room', 'a treat of wheat wafers by the brand kepekli', 'a hand holding a snack package that has 2 biscuits pictured on the front', 'a human hand holding a candy bar type of snack']"
23760,VizWiz_val_00000329.jpg,a computer screen with an error message,"['computer screen that shows a window for a login segment', 'screen showing windows setup asking to create a password', 'for the security purpose and it will be created by us for our safety and security nobody knows about that expect you and you can', 'password windows are being displayed on the computer screen']"
28405,VizWiz_val_00004974.jpg,a pair of black headphones sitting on a wooden table,"['black skate style shoe on a green slatted park bench', 'a single black shoe resting on a park bench', 'a black and white sneaker that has black laces and that is laced up sits on a wood bench outside', 'a black tennis shoes with a white border with the laces tied up']"
28270,VizWiz_val_00004839.jpg,a close up picture of a white piece of paper with black text,"['a paper with information about billing is shown', 'a paperless billing notification with orange black and white letters', 'a close up photo of a paperless billing statement']"
25473,VizWiz_val_00002042.jpg,appears to be a picture of someone's head,"['i see the back of a headshot of a person with long hair', 'long hair like this must keep plumbers in business', 'back of a head with long medium brown hair', ""someone's head with a large ball of hair on it"", ""a view of the back of someone's head with long brown hair""]"
28190,VizWiz_val_00004759.jpg,a person is holding up a remote control,"['a white corded at t phone on a desk', 'a white at t telephone on a wooden surface', 'an at t landline phone for office or business purposes', 'an older telephone from at t and telephone cord on a table', 'desktop landline phone with handheld receiver and large buttons']"
24425,VizWiz_val_00000994.jpg,a computer screen with a blue background and white text on it,"['a laptop screen has a window open to youtube', 'a computer screen with a youtube account brought up on it', 'macbook laptop screen with tabs opened reflecting light', 'screen of and i mac computer showing various screen including youtube', 'a close up of a black and white glossy computer screen which is showing multiple windows that are open at one time and the screen']"
26800,VizWiz_val_00003369.jpg,a can of food is on top of a table,"['nutritional information on the back of a container of biscuits', 'the nutritional information of a food item is displayed', 'a sachet pack of a consumable containing the ingredients', 'a package of biscuit dough showing the nutrition and ingredient information', 'partial nutrition facts and ingredients list for tube packaged food product']"
25379,VizWiz_val_00001948.jpg,a package of frozen food is on top of a table,"['packet with pictures of tomatoes basil and rice', 'tomato and basil rice bag front partial view with picture of bowl of rice', 'a snack item contains tomato and basil rice in a packet', 'can of prepared rice dish with front label showing']"
30686,VizWiz_val_00007255.jpg,a close up of a blue t shirt with white buttons,"['a gray cloth with small horizontal lines going across the material', 'a grey fabric sheet with white stripes that is laid out', 'gray fabric striped with thin white lines nothing else', 'a piece of gray fabric is covered with white stripes']"
29089,VizWiz_val_00005658.jpg,a computer keyboard on top of a desk,"['a desk with a keyboard small blue post it note pen and some papers are next to a computer monitor', 'the top left of a silver keyboard a blue pen a blue sticky note and papers are sitting on a gray surface', 'a mac keyboard on a desk next to a pen and old post it note', 'a silver keyboard next to a blue sticky note and a pen', 'a hard gray surface with a keyboard papers and a pen on it']"
23991,VizWiz_val_00000560.jpg,a computer screen with a pop up window on it,"['a portion of a computer screen displaying terms and conditions related to microsoft', 'terms for a computer program are shown in a box inside a window on a computer screen', 'a computer monitor contains a window with language about microsoft terms', 'a laptop screen with written text on display', 'an open laptop with a screen showing a pop up message']"
28409,VizWiz_val_00004978.jpg,a blue plastic bottle with a blue cap on top of it,"['a purple candle and a blue plastic bag behind it', 'a thin light purple candle stands in front of a blue plastic bag', 'a long purple candle is standing on a surface', 'shown in this picture is a violet candle in front of a blue bag', 'a large new lavender candle sitting upright on a table with blue plastic a napkin and pink chair in the background']"
23996,VizWiz_val_00000565.jpg,a computer screen with a captcha on it,"['a computer screen displaying a list of downloads', 'part of a desktop or laptop monitor showing the progress of a downloaded movie or something', 'computer screen with some writing on it on the front', 'windows is showing a search screen on the monitor', 'an internet explorer download screen where a download is in progress with 1 hours 25 minutes remaining']"
24971,VizWiz_val_00001540.jpg,a person is holding up a bottle of lotion,"['someone holding a can of diet coke soda', 'a person is holding a can of diet coke sideways', ""metallic can of diet coke in someone's hand"", 'a person holding a can of diet coke']"
30595,VizWiz_val_00007164.jpg,a container of <unk> <unk> <unk> sitting on a wooden table,"['this looks like the package of a garbage bag', 'a roll of black trash bags with a red label', 'a bundle of trash bags still in their cardboard sleeve', 'package of plastic garbage bags with a red label']"
24092,VizWiz_val_00000661.jpg,a white piece of fabric that is wrinkled,"[""a red and raised irritated mark on a person's arm where they have scratched off part of the skin"", 'appears to be a picture of a wound on leg', ""person's skin with a large red sore on it"", ""someone's arm with a big red spot on it"", 'close view of an arm with a sore or an insect bite on it']"
27665,VizWiz_val_00004234.jpg,a can of del monte cut green beans on a table,"['a box of three cheese macaroni and cheese shells is laying on a table', 'kraft three cheese dinner product in a blue box with yellow writing and picture of cheesy noodles on front of box', 'image contain a food packet of a cheese named kraft dinner', 'a blue box of kraft macaroni and cheese kraft brand']"
23900,VizWiz_val_00000469.jpg,the back of a box of food showing nutritional information,"['some sort of book that someone is reading right now', 'a card is lying on top of a table']"
24735,VizWiz_val_00001304.jpg,a glass bottle of <unk> <unk> sitting on a table,"['a bottle of some sort of liquid possibly a cooking oil', 'a bottle of liquid that is on the table', 'a bottle of a brown liquid on a white countertop', 'room with the french door and window has a table a bottle on it', 'an open bottle of olive oil at a dining table']"
27859,VizWiz_val_00004428.jpg,a picture of a car with a car driving on it,"['looking out of a car window at a curb and a grassy area', 'traffic moving past a grassy corner is viewed from inside a vehicle', 'road with a line of cars next to a grassy area', 'some type of grassy area that is near a car']"
30607,VizWiz_val_00007176.jpg,a person is holding up a bottle of medicine,"['the red and yellow labeling on a package of chocolate', 'a microwavable cup of soup is on the kitchen counter', 'a warning label on the back of a package of food', 'a red and yellow sealed container with white and black writings on them']"
27623,VizWiz_val_00004192.jpg,a piece of paper with a math problem on it,"['directions for how to make a paper craft of some sort', 'i see a sheet of paper that has a star on it', 'a two dimensional diagram drawing of a pyramid', 'step two in a tutorial on how to make origami']"
27406,VizWiz_val_00003975.jpg,a package of food is on top of a table,"['image was clear but it was not item', 'a rival brand crock pot is on a kitchen counter', 'a crock pot on a table that is set to the high setting', 'a white electric crock pot with vegetable graphics', 'the temperature dial on a slow cooker set to high']"
28315,VizWiz_val_00004884.jpg,a computer screen with multiple choice answers on it,"['a piece of paper asking what i think are medical questions', 'a printed page of text related to medical information', 'a piece of paper talking about medical diagnosis results']"
23845,VizWiz_val_00000414.jpg,a computer screen with a web page pulled up,"['asus laptop showing its keyboard and monitor open', 'a laptop computer screen that is filled with text', 'close up of asus laptop computer screen and keyboard', 'asus laptop computer screen containing blocks of text on a white background', 'instructions are displayed on the screen of a computer']"
23903,VizWiz_val_00000472.jpg,a laptop computer with a black screen and a blue screen,"['a large black laptop computer next to a glass of wine', 'laptop white a white screen sitting next to another keyboard and a glass of red wine', 'a laptop black laptop computer with red lights sits open and turned on with a second white keyboard and a beverage in a glass sitting', 'a glass of wine next to a wireless keyboard and laptop computer', 'a glass of wine sitting next to a white computer screen']"
26043,VizWiz_val_00002612.jpg,a street in a neighborhood with a blue sky across the street,"['gray wispy clouds in the sky with a bit of blue shining in between', 'storm clouds rolling over a neighborhood with a streetlight in the foreground', 'dark blue clouds in the sky with a few street lights and trees in the background', 'someone is outside looking at the clear blue sky with clouds', 'a photograph of an evening sky with clouds sunset trees and electric poles and wires']"
29708,VizWiz_val_00006277.jpg,a television set with a tv on the screen,"['a man lying in bed with his feet sticking out of the covers', 'a television sitting on a green checkered cloth at the foot of a bed', 'someone laying on a bed facing a tv', 'a person is laying down on the bed in front of the tv', 'a person laying in bed point toward a tv with a calculator at their feet']"
23934,VizWiz_val_00000503.jpg,a computer screen with a window open on it,"['a swagbucks captcha is j e k that must be typed in the captcha box to obtain 11 swag bucks', 'a computer screen with several tabs open on it', 'some sort of monitor that u can use to view stuff', 'a computer screen with a congratulations message from swagbucks on it as well as other search results', 'a congratulations screen from swagbucks for winning 11 swagbucks']"
27957,VizWiz_val_00004526.jpg,a close up of a computer screen with a blue background,"['silhouette of a figure in dark surrounded by white and grey', 'a large black blob is pictured that i have no idea what it is']"
29606,VizWiz_val_00006175.jpg,a glass bottle of water sitting on a wooden table,"[""a package of orville redenbacher's tender white microwave pop up bowl of popcorn"", 'a kitchen with a bottle of diet soda and popcorn on the counter', 'a 2 liter bottle of diet coke that is less than half full', 'a box of popcorn sitting on the edge of a counter near a bottle of pop', 'open 2l bottle of diet coke and a box of pop up bowl microwavable popcorn']"
28272,VizWiz_val_00004841.jpg,a person is holding a bottle of medicine,"['a person holding up their index and middle finger to make a peace sign or the number two', ""a person's hand with their middle and index finger up giving a peace sign"", 'a person giving a peace sign to the camera', 'a person is demonstrating peace fingers against a white wall', 'a hand displaying two fingers giving the peace sign']"
23914,VizWiz_val_00000483.jpg,a white piece of paper with a math problem on it,"['a tan colored object with brown letters on a cream colored surface', 'a very blurry image of something is being depicted']"
25236,VizWiz_val_00001805.jpg,a package of food is on top of a table,"['a large bottle of marshalls creek spices poultry seasoning', 'the package of food spice has a red label', 'a bottle of poultry seasoning has a yellow and red label', 'a container of seasoning with a red and yellow label', 'a spice jar is shown close up and reads marshalls creek spices by pure and natural spices it also reads poultry seasoning lower down the']"
25901,VizWiz_val_00002470.jpg,a white plastic bottle with a white cap on it,"['a container of vanilla bean body lotion is on a white table', 'a bottle of body lotion sits on top of a white table', 'a bottle of body lotion that says noel on it sitting on a table with a phone behind it and other items around it', 'a body lotion bottle is on top of table with several papers behind it and a set of keys in the background', 'a plastic bottle of vanilla bean body lotion from bath and body works']"
25004,VizWiz_val_00001573.jpg,a white coffee mug is on top of a wooden table,"['a white mug of some sort of beverage in front of a sharp tv', 'blue straw in a white super bowl 28 mug', 'cup that says super bowl xxvii that is 3 4ths way full with a blue straw that is hanging off the bottom right of the', 'a cup with a straw is sitting on a table in front of a ps3 controller and a tv', 'a mug filled with some liquid with a blue pen inside']"
24714,VizWiz_val_00001283.jpg,a white piece of paper with black and white letters on it,"['graphic christmas themed pattern on a holiday sweatshirt', 'a christmas sweater with a tree made out of small santa clauses with snow snowflakes a christmas present stars and music symbols surrounding it', 'a sweater of shirt with a christmas tree made up of santas', 'a christmas sweatshirt with a ton of santa and rudolph', 'a blanket with a lot of santas printed on in the shape of a christmas tree']"
27488,VizWiz_val_00004057.jpg,a white ceiling fan with a white ceiling fan on it,"['a stove top dial to turn on a burner', 'the offsetting of the dial on a white appliance is shown with the dial set one click to the right', 'the device is white in color and has control knobs with the word off on it', 'close up of a white item that has an on off switch', 'some type of labeling device that says off on it']"
29460,VizWiz_val_00006029.jpg,a white piece of paper with black text on it,['a piece of white fabric with a large wrinkle on the side']
28975,VizWiz_val_00005544.jpg,a person wearing a blue shirt with a white collar,"['a person is wearing white air jordan sneakers', 'a lower leg with white basketball shoe tied on laying on a granny square blue crochet blanket', ""the lower part of a man's leg including his high top sneaker resting on a crocheted afghan"", 'a white tennis shoe on a leg that is resting on a crocheted blanket', 'white air jordan shoe on a left foot propped up on a blue crocheted blanket']"
28072,VizWiz_val_00004641.jpg,a person is wearing a blue shirt with a white collar,"['a small dog lying on blankets with a red collar', 'appears to be a picture of a dog', 'looks to be a picture of a sleeping pug on a bed', 'a chubby dog wearing a jingle bell collar is laying on top of a messy bed', 'the back of a big brown dog lying on the bed']"
30017,VizWiz_val_00006586.jpg,a person is holding up a can of food,"[""open palm of a man's hand that's blurry"", 'a plastic cup of some material is being held', 'a hand holds a circular brown object above a table', 'i see a hand holding up a small container of makeup', 'someone is holding something that is glass in their hands']"
29561,VizWiz_val_00006130.jpg,a person is holding up a bottle of lotion,"['a bottle of soft scrub bleach cleaner that kills germs', 'someone is holding a white container of soft scrub', 'a human hand holding a plastic container of bleach', 'a hand holding up a bottle of cleanser', 'a male hand holding a bottle of soft scrub cleanser']"
29271,VizWiz_val_00005840.jpg,appears to be a picture of a piece of fabric,"['a dark green pillow that is wet on the majority of its area being held by a person', 'comfy cushions can cause naps at any time', 'a wet pair of pants is shown and a hand as well', 'a person is holding a pillow in their lap', 'somebody is holding some piece of gray clothing']"
26959,VizWiz_val_00003528.jpg,a white piece of paper with black writing on it,"['part of a laptop computer can be seen sitting on a light wooden surface', 'a computer screen is displaying a window with a message', 'the top right corner of a computer screen can be seen against a wooden background', 'laptop opened in front of a wooden wall or hutch']"
25803,VizWiz_val_00002372.jpg,a person is holding up a bottle of lotion,"['a person holding a green bottle of spice with a white label', 'bottle with green label and lid of some type of seasoning', 'person holding a bottle of garlic salt or powder', 'hand holding back of green labeled spice packet']"
27226,VizWiz_val_00003795.jpg,a bottle of <unk> water sitting on a wooden table,"['a black medium sized purse sitting on a wooden counter', 'a black bell sitting on a table with other containers', 'a black hand held item sitting on a counter top', 'a black colored padlock resting on a wooden countertop in a kitchen']"
30031,VizWiz_val_00006600.jpg,a can of food is on top of a table,"['the lower half of a bottle it is unclear what it is', 'part of a bottle of some sort of product labeled water mint sake', ""a white bottle is laying on a person's feet""]"
30023,VizWiz_val_00006592.jpg,a bottle of coca cola sitting on a wooden table,"[""a can of hunt's tomato sauce original flavor"", 'a canned tomato sauce product sits on a wooden table', 'a red can of tomato sauce sitting on a wooden table', 'can of hunts tomato sauce with a picture of a bowl of sauce on the front sitting on a wood table', 'a tin can of tomato sauce with a red label']"
25631,VizWiz_val_00002200.jpg,a person is holding up a bottle of lotion,"['a hand holding a jar of cumin spice in the kitchen', 'a hand is holding a jar of cumin', 'a toaster and a variety of spices in jars are set around one of those break room looking water coolers in the background while a', 'a bottle of cumin keep in hand shown in the image']"
26688,VizWiz_val_00003257.jpg,a close up of a black and white striped t shirt,"['a close up of a striped cotton sweater being worn by a human', 'a sweater clad male torso no personal details visible at all', 'a picture of what appears to be a gray black and white striped shirt', 'a gray white and black striped knitted fabric', ""someone's view of a shirt has horizontal black dark gray light gray and white stripes""]"
23449,VizWiz_val_00000018.jpg,a black laptop computer with a black screen,"['a laptop screen with system dialog on the screen', 'the corner of a black computer with type of the screen and white type on the keyboard', 'partial view of laptop showing upper right portion of keyboard starting with f8 key all the way to the delete key and the screen is', ""a black laptop with the computer's specs on the screen"", 'part of the keyboard and screen on a laptop']"
26591,VizWiz_val_00003160.jpg,a person is holding up a bottle of lotion,"['a person holding a bottle of some type of lotion', 'a small bottle of white hand lotion with a flip cap', ""a bottle of lotion that is being held up by someone's hands"", 'the small bottle of hand lotion is being held by an unknown person', 'a badly manufactured bottle of a cosmetic product as the cap is on the wrong end forcing the user to hold the bottle upside down']"
24794,VizWiz_val_00001363.jpg,a red and white box of hawaiian punch,"['a round button attached to an employee id card', ""a round orange anti gravity tag for a pair of easy spirit slippers is held in a person's hand"", 'here is an orange and white tag that says anti gravity slippers easy spirit', 'a person is holding up an orange tag', 'a hand is holding an orange tag from easy spirit slippers that say anti gravity slippers easy spirit']"
23915,VizWiz_val_00000484.jpg,a computer screen with a blue background and white text on it,"['computer screen monitor with a window opened up', 'a computer monitor is on and a page with google on it is open', 'a computer screen with a google search and other windows open', 'corner of a laptop screen showing a google search contents are not in the frame']"
26777,VizWiz_val_00003346.jpg,a box of betty crocker mashed potatoes on a table,"['a box of meatballs and sausage is on a brown table', 'a box of a meatballs and sausage ready to cook food', ""a box of marie callender's meatballs and sausage pasta dinner"", ""a marie callender's frozen dinner with meatballs sausage and pasta in a marinara sauce"", ""a box of marie callender's frozen dinner of meatballs and sausage""]"
30711,VizWiz_val_00007280.jpg,pictured is a picture of a woman wearing a blue shirt,"['a soccer ball with a logo printed on a sheet of paper is tacked to the wall', 'soccer ball cut out decoration hanging on a wooden wall', 'a flat item that looks like a soccer ball is hanging on the wall with a couple pieces of paper', 'an art and crafts item of a soccer ball with a note hanging from the front', 'a circular soccer ball poster with a white piece of paper hanging in the middle']"
25204,VizWiz_val_00001773.jpg,the back of a package of food showing nutritional information,"['the back of a package of medication showing directions for use', 'a medicine box showing the ingredients label on the back of it', 'the back of a box of medicine sitting on a counter top with part of a sink bowl showing', ""the instructions on a box of medication for travelers' diarrhea"", 'white surface with a box in the left corner']"
27445,VizWiz_val_00004014.jpg,a box of food is on top of a table,"['a close up shot of chicken flavored ramen noodles that someone is holding', 'a left hand holding a package of chicken ramen noodles', 'a package of chicken flavored ramen noodle mix', 'a package of ramen noodles orange coloring looks like chicken flavoring']"
27480,VizWiz_val_00004049.jpg,a clear plastic bottle with a blue lid on top of it,"['a box of samoas girl scout cookies in sitting on the carpet', 'a box of girl scout cookies near a plugged cable', 'the corner of a purple box of girl scout samoas', 'a box of cookies lays on a white colored carpet', 'a box of samoas cookies and an electronic cable sitting on a rug']"
26822,VizWiz_val_00003391.jpg,a tv is sitting on a wooden table,"['a small television set showing an image of a man in a blue jersey wearing a yellow cap sits on a wooden table along with', 'television displaying a football game currently showing a player in a yellow hat and blue and white jersey', 'small television sitting on top of a wooden table top', 'a stand with a television on top with audio video cords coming out of the front', 'a football player makes a serious face on the television which has a digital video recorder underneath it']"
24808,VizWiz_val_00001377.jpg,a window with a window in the background,"['a set of blinds are halfway closed on a window', 'the photo is taken at the window with the blinds slightly up to the adjacent home building', 'a window that in its view has a house and fence outside', 'view looking out of a window a house in the background']"
25390,VizWiz_val_00001959.jpg,a person is holding up a white piece of paper,"['a close up view of a white silky fabric on a dark background', 'a cotton light pink folded shirt with a button on the cuff', 'a white and pink color polyester fabric piece', 'pale pink colored arm of a long sleeve shirt with a button', 'the pink shirt has pink buttons and is being worn']"
30573,VizWiz_val_00007142.jpg,a white piece of paper with black writing on it,"['i see a paper that has cuisinart written on it', 'a white box with large black lettering and a line drawing of a cuisinart food blender', 'a white cuisinart blender box featuring a drawing of the blender', 'a white box for a food processor that has product features in black lettering', 'a food processor on a dark blue fabric material with flowers on it']"
29758,VizWiz_val_00006327.jpg,a white piece of paper with black letters on it,"['a light green shape with an orange triangle taking up the top right corner and a white triangle taking up the bottom right', 'three geometric shapes colored green orange and purple', 'the colors are bright and are green purple and orange for the covering']"
24205,VizWiz_val_00000774.jpg,a computer screen with an error message on it,"['a black toshiba laptop computer showing player setup', 'windows desktop screen with an open chat window', ""picture of computer screen with a few boxes open and an image of a person's upper body and a question mark for the head and"", 'multiple dialog boxes and several rows of icons decorate the screen of a computer monitor', 'a computer screen with several windows up and icons on the side']"
23553,VizWiz_val_00000122.jpg,a bottle of diet coke sitting on a table,"['a barefoot man is seated and holds a bottle of hot sauce between his hairy exposed spread thighs', 'a clear bottle of mexican pork marinade with a black and red label', ""a bottle of marinade sauce is leaning against a person's leg over a blue patterned rug"", 'a bottle of spicy marinade like this one will liven up any meal', ""a bottle of wine is held between somebody's legs""]"
30467,VizWiz_val_00007036.jpg,a close up of a white piece of fabric,"['a white wall or white blank sheet of paper', 'a gray screen with nothing showing or visible to make out']"
27943,VizWiz_val_00004512.jpg,a can of food is on top of a table,"[""a bottle of porter's hired hand household cleaner sitting on a counter on top of a knife and next to other cleaning items"", 'a knife on a table with a bottle of black household cleaner laying on top of it as well as another bottle of cleaning solution', ""a photo of porter's hired hand household cleaner back side directions with a knife in the picture"", 'small bottle of cleaning solution a knife and a bottle of pills', ""black bottle of porter's hired hand household cleaner made of coconut and olive oils citrus essential oil blend aloe vera tea tree oil and rosemary""]"
28892,VizWiz_val_00005461.jpg,a close up of a gray t shirt that is wrinkled,"['clothing made up of black shiny and metallic looking material', ""a view down at a woman's silvery blouse"", 'a person is wearing a dirty and old black t shirt', 'a piece of clothing that is shiny and multi colored is being worn by someone', 'someone is wearing a glittery sweatshirt made with black fabric']"
23849,VizWiz_val_00000418.jpg,a sheet of paper with questions on it,"['white piece of paper with black font lettering on it', 'an image of documentation with various plant pictures at the top', 'a piece of paper is on top of the table', 'white paper with black typed writing with medicare coverage information', 'a document named 2012 evidence of coverage it has a flower leave a design on the top as a border and the year 2012 the']"
24243,VizWiz_val_00000812.jpg,a person is holding up a bottle of lotion,"['a woman with pink fingernail polish flipping the bird', 'a hand with only the middle finger raised a common gesture used to offend someone or express a negative response', 'a person with red nail polish is giving the middle finger', 'an image of a person with dark pink nail polish holding up their middle finger']"
28026,VizWiz_val_00004595.jpg,a package of food is on top of a table,"['a bag of frozen risotto sitting on a counter top', 'a cover to a package of frozen dinner food', 'food item green bag of squash risotto food', 'a food package that is clear plastic with a white and orange label', 'a green bag of food with a label on the front that shows a picture of what it is']"
30635,VizWiz_val_00007204.jpg,a white piece of paper with black font lettering on it,"['a package from a brand called nespresso on grey sheets', 'the name of a popular coffee making machine and coffee capsules nespresso', 'a close up of a silver name tag or nameplate including the text nespresso']"
30682,VizWiz_val_00007251.jpg,a laptop computer screen with a blue screen,"['a digital device showing an image of someone playing the piano', 'screen showing two hands playing a keyboard instrument', 'two hands are playing a piano perhaps on a tv screen', 'a tv screen is on and shows a person playing a keyboard']"
30229,VizWiz_val_00006798.jpg,a person is holding up a bottle of lotion,"[""a close up of the palm of someone's hand who is wearing a ring"", ""caucasian individual's palm with a metal ring visible on the fourth finger"", 'a person wearing a silver ring holding a silver object']"
27129,VizWiz_val_00003698.jpg,a ten dollar bill laying on a wooden surface,"[""the front of a twenty dollar bill with jackson's face"", 'a twenty dollar bills is positioned on top of two other bills the values of which cannot be seen all of which are resting atop', 'a twenty dollar bill that is laying flat on a sheet', 'a pile of american bills with a 20 dollar bill on top', 'a twenty dollar bill upside down on top of a pillow']"
24052,VizWiz_val_00000621.jpg,a close up of a computer screen with an error message,"['a captcha displays near the top of a computer screen under the address bar', 'a computer screen with blue and white colors', ""a computer screen that's turned on with a screen you have to enter information""]"
30795,VizWiz_val_00007364.jpg,a green and white striped <unk> on top of a black surface,"['green outdoor table with a glass ashtray', 'a room has a black chairs and a green table', 'a green round table with an ashtray at its center', 'pictured is the top of an ashtray on a green table']"
25504,VizWiz_val_00002073.jpg,a box of food is on top of a table,"['a red and white bag of flour sitting on a counter', 'a red and white bag of plain flour is opened on the table', 'an image that shows a product on a table which does not distinguish very well because it is blurred', 'a bag of plain flour is next to more flour', 'two opened paper bags one has a label of flour']"
27289,VizWiz_val_00003858.jpg,a computer screen with a blue screen and a blue screen,"['a box of conceptrol sitting on a flat surface', 'a box of medicine sitting on a silver laptop computer', ""a blue box of women's birth control sitting on a table"", 'a blue packaged item called conceptrol sitting on a silver computer stand', 'an image of a box is being depicted below that has a wooden backdrop']"
30872,VizWiz_val_00007441.jpg,a silver laptop keyboard with black keys and white keyboard,"['a keyboard for a laptop computer that is silver and black in color', 'a close up on a macbook air keyboard is seen', 'a keyboard for a macbook air laptop showing the center keys', 'a black colored keyboard of a apple macbook laptop computer', 'a portion of a computer keyboard is seen']"
24952,VizWiz_val_00001521.jpg,a close up of a white piece of fabric,"['a person is wearing brown sandals and is standing on brown tile', 'right sockless foot in a dark brown leather sandal and a black pant leg standing on the demarcation line of a nougat print floor and', ""a person's foot in an open toed sandal is shown on a pebbly tiled walkway next to a marble wall"", 'person with brown slippers in front of white marble floor']"
31164,VizWiz_val_00007733.jpg,a bottle of wine is on top of a table,"['a cd that has something recorded on it and it has a handwritten title', 'a burned cd r of bob dylan live 1997 1998 in a jewel case', 'rewritable cd with bob dylan live 1997 1998 hand written on it', 'an imation brand cd r with bob dylan live 1997 1998 written on it', 'a cd of bob dylan life in 1997 1998 in a cd case']"
24591,VizWiz_val_00001160.jpg,a laptop is open and turned on,"['a laptop with some small tabs pulled up', 'a computer screen showing a welcome to ubuntu screen', 'the welcome screen for ubuntu version eleven dot ten', 'a computer or laptop monitor with some type of writing on the screen', 'an open laptop screen with an open dialogue box and slightly cracked edges']"
27174,VizWiz_val_00003743.jpg,a view of a computer monitor with a blue screen,"['a scene on a river with people in boats rowing', 'a large river with blue sky and trees to the side and a kayaker in the river', 'several people are rowing down the river in canoes not too far ahead', 'scenery with a beautiful lake that contains boats next to grassy land is shown next to a town that looks above it', 'a lake with greenery in front and buildings in the back']"
27906,VizWiz_val_00004475.jpg,the back of a package of food showing nutritional information,"['the nutrition facts panel of a food or drink canister', 'a can with yellow and red wrapping and a nutritional label', 'nutrition label on red and yellow food can', 'a can of food is on top of a counter']"
25007,VizWiz_val_00001576.jpg,a person wearing a red shirt with a white collar,"['a pink color bedspread on a bed', 'a piece of clothing or a blanket that is like a satin in pink color', 'a light pink silk clothing item is apparent in the photo', 'some sort of pink fabric on a yellow rub', 'a white color shining cloth on the bed']"
25018,VizWiz_val_00001587.jpg,a package of food is on top of a table,"['a single serve container of a meatloaf dinner', ""package of lite n' easy brand meatloaf prepared dinner"", 'a cover label of meatloaf lite and easy', 'a lite n easy meatloaf to be microwaved for 9 minutes after peeling back a corner of the lid', 'microwave meatloaf dinner with peas carrots and mashed potatoes']"
25493,VizWiz_val_00002062.jpg,a person wearing a black sandal with a black rubber grip,"['a black q2 blueant device on a black countertop', 'a device with blue ant on it with a tube attached to it', 'a single bluetooth headphone placed on a counter', 'metallic headphone with bluetooth base and turn on off lamp', 'q2 brand blue apt metal tool lying on the floor']"
24337,VizWiz_val_00000906.jpg,the back label of a package of food showing nutritional information,"['a card has a barcode and is on a wooden table', 'i see what looks to be the back of a 15 dollar gift or phone card', 'a white and black card on a wooden surface', 'back side of a card with a barcode on a wood table surface', 'the back of a package with the upc code showing']"
30684,VizWiz_val_00007253.jpg,a close up of a black t shirt with white buttons,"['a black shirt is being held in the air inside', 'someone wearing a blue v neck sweater with a light color showing', ""the right shoulder and front of a man's shirt with a blue sweater covering a dress shirt"", 'a man wearing a blue sweater with collared shirt under', 'person who is wearing a black polo sweater']"
30167,VizWiz_val_00006736.jpg,a black computer mouse on top of a desk,"['are you black wire computer mouse sitting on a flat surface', 'a black color mouse with a wire on a white surface', 'a wire black computer mouse with a scroll wheel between the two buttons at the tip sits on a faux wood table surface', 'a black or dark blue corded mouse for computer', 'a black computer mouse that is placed on a wooden desk']"
26259,VizWiz_val_00002828.jpg,a person wearing a black shirt with a white collar,"[""a close up of a person's leg wearing light colored khakis sitting in a car"", 'an off white solid color piece of fabric has a very slight dark smudge on the lower left of a vertical seam', 'a person is sitting in a car near the gear shifter', ""photo is of someone's arm next to a driving stick inside of a vehicle"", 'i see khaki pants and the black shifter in a car']"
29542,VizWiz_val_00006111.jpg,a sheet of paper with black text on it,"['a sheet of homework on the constitutions creation', 'a worksheet asking to fill in a table and answer questions about the constitution', 'a white school worksheet titled creating the constitution', ""a child's homework with the task to explain the creation of the constitution"", 'a sheet of paper printed with a section guide displaying a chart asking about your thoughts of having to create the constitution and the plans']"
26791,VizWiz_val_00003360.jpg,a can of food is on top of a table,"['a cd with a blue and yellow label and a drawing of an old man with a mustache on it', 'a framed picture is hanging next to a shelf', 'animated old man pictures on cd casing on shelf', 'a picture of a man or singer or musician']"
23931,VizWiz_val_00000500.jpg,a computer screen with a captcha on the screen,"['a computer screen displays a search result on it', 'a computer screen saying 8 swag bucks are won and search results', ""a computer screen showing the words congratulations you've won 8 swag bucks"", 'a computer screen showing possibly swag bucks website', 'a computer screen with a web browser open on it']"
24247,VizWiz_val_00000816.jpg,a view of a building with a lot of trees in the background,"['a computer screen showing google map of an area', 'satellite imagery is displayed on the computer screen', 'a satellite view of a town on displayed on a computer screen', 'a satellite map view of an area with roads residences and business names']"
28842,VizWiz_val_00005411.jpg,a box of coffee is on top of a table,"['i see a lemon citrus hand soap laying down', 'a yellow citrus item looks like an air freshener placed near a black purse', 'a bottle of lemon citrus scented hand soap', 'a bottle of lemon citrus hand sanitizer is being held above a pair of jeans', 'a person is holding up a bottle of hand soap']"
28903,VizWiz_val_00005472.jpg,a tv is on top of a wooden table,"['i see a tv with a lamp on top of it and three other items sitting atop an entertainment center with movies inside of its', 'in the living room a small black table with a dvd some movies and above a small grey tv with a lamp on top the', ""a living room with a box tv in it and it's on"", ""view of someone's living room with the tv turned on"", 'a tv turned on with a lamp sitting on the top']"
29074,VizWiz_val_00005643.jpg,a box of kellogg's special k cups is on top of a table,"['a canister of pringles potato chips showing the back with the ingredients list', ""a purple container of pringles are in front of a device the pringle's can has its product name and nutritional values written in text"", 'a round purple tube containing pringles potato chips', 'one purple can of pringles chips in front of grey background', 'i see a purple package of pringles chips']"
23878,VizWiz_val_00000447.jpg,a computer screen with a blue screen and a blue background,"['someones laptop with some kind of error messages popped up', 'computer screen with a blue light and small data window', 'a computer monitor is turned on and has a dialogue box', 'part of the screen of a computer monitor indicating that a username or password is incorrect']"
29549,VizWiz_val_00006118.jpg,a white piece of paper with black text on it,"['a book that is open with a blank page on the left', 'white page from a book with some text on it', 'blank book page with cut off text on the very right', 'a blank white page of paper in a book']"
30703,VizWiz_val_00007272.jpg,the back of a package of food showing the nutrition facts,"['a hand holding a package for a nestle brand product', 'a hand hold a pack of something the pack is yellow color it has text written on it nestle written in the image', ""a package of nestle noodles in a person's hand"", 'back view of a pack of instant noodles showing its nutrition facts table instructions on how to cook and its ingredients', 'someone is holding a packet of nestle noodles in hand']"
27325,VizWiz_val_00003894.jpg,a close up of a close up of a red t shirt,"['a close up of a white t shirt with red and yellow lettering', 'white shirt that has some red lettering on it', 'a white t shirt with big red and yellow letters on it']"
26860,VizWiz_val_00003429.jpg,a picture of a parking lot with a <unk> <unk>,"[""the store front of a mcdonald's in an arab speaking country seen through a car windshield"", ""front door entrance with two doors to a mcdonald's hamburger restaurant"", ""a car is parked in front of a mcdonald's restaurant"", 'outside of a mcdonalds restaurant with cartoon images on display in windows', 'image shows a view inside from the car showing food shop']"
26964,VizWiz_val_00003533.jpg,a bag of coffee is on top of a wooden table,"['a sample pack of finish with a coupon inside plastic', 'a small package of finish brand dishwasher detergent wrapped in clear plastic', 'a sample pack of finish automatic dish soap in a clear plastic bag', 'a package of finish dishwasher tablets with a coupon also']"
26386,VizWiz_val_00002955.jpg,a bag of coffee is on top of a counter,"['four different colored strands of string from the bead smith company', 'i see a breadsmith with colors blue green red and yellow', 'small opened package of bead smith brand bead twine', 'a cardboard package has multi colored strings attached', 'a package of wire for beading in the colors of red green blue and yellow']"
27028,VizWiz_val_00003597.jpg,a white piece of paper with black text on it,"['document shows partial words and sentences with about 5 lines showing', 'some type of computer error or update on a screen']"
28951,VizWiz_val_00005520.jpg,a living room with a wooden entertainment center and a wooden floor,"['a laptop lies beneath a desk with cabinets to the side and more computer equipment on top of the desk', 'a blurred image of some electric connections and book case', 'watch for the laptop sitting under the desk', 'brown desk with white drawers on hardwood floor']"
24235,VizWiz_val_00000804.jpg,the back of a box of food is on top of a table,"['2 boxes for printer supplies next to a printer', 'its a printer and tuner of the printer', 'a black box stack on a white box next to an office machine', 'a gray display containing several different boxes and a printer', 'a white box with a kenwood stereo amp inside']"
24213,VizWiz_val_00000782.jpg,a computer screen with a blue screen and white text,"['a computer desktop with a space scene of a galaxy as the background', 'a close up of a mac desktop on the desktop saver', 'a computer screen shows an image of the galaxy', 'a scenetime always on time wallpapers backgrounds for laptop or desktop', 'a mac screen with a cosmic background on it']"
25008,VizWiz_val_00001577.jpg,a can of coca cola is on top of a table,"[""a can of campbell's spaghetti o's on someone's lap"", ""a tin food can of campbell's brand spaghettios"", 'a cylindrical tin with healthy kids written on it', ""a nutritional food label on a jar of spaghetti o's"", ""an unopened can of spaghetti o's with shapes""]"
26827,VizWiz_val_00003396.jpg,a close up of a blue piece of fabric,"['a red leather material with lots of folds and creases', 'a red surface seem to be a leather', 'a wrinkly red surface with light reflecting off of the red surface', 'a shiny red and grained leather or faux leather surface']"
30225,VizWiz_val_00006794.jpg,the back of a box of food is on top of a table,"['a page from the apple company detailing how to get help with an iphone', 'a paper with some red and black text and an apple logo in red is sitting on a desk', 'a paper describing the receipt of a new phone and how to send back the old phone', 'a replacement kit insert for an apple iphone printed on white paper with red and black text', 'a description of what looks to be a replacement iphone kit for the customer']"
27375,VizWiz_val_00003944.jpg,a white piece of paper with a math problem on it,"['a white color paper showing pierre combescot les', 'a paper with an author and title name in the beginning of a book', 'a white piece of paper has words on it', 'the writing in the book is in french or spanish and says les petites mazarines', 'some sort of menu or book that is in french']"
30027,VizWiz_val_00006596.jpg,quality issues are too severe to recognize visual content it's too blurry to recognize visual content,['colors fade from blue to white to green from left to right']
25446,VizWiz_val_00002015.jpg,a close up of a red can of coca cola,"['a red piece of candy next to a white object', 'red and white colored pipes next to white colored metal grate']"
27373,VizWiz_val_00003942.jpg,a screenshot of a computer screen with a captcha on the screen,"['a screen that says password how can we help you reset it', 'a shot of the screen on an electronic device asking about a password change', 'a message from sprint on a phone if someone needs help resetting their password', 'screen shot from a smartphone with a password reset screen']"
28246,VizWiz_val_00004815.jpg,a scene of a car parked in a parking lot,"['a photograph of an outdoor scene with trees and a sidewalk', 'the photo is taken at the side of a road and there is a sidewalk and a large green tree in front of a field', 'a small bench that is right by the sidewalk outside', 'a sidewalk and a tree in front of a building', 'large tree in open grass behind a paved sidewalk']"
28203,VizWiz_val_00004772.jpg,a box of frozen dinner is on top of a table,"['a box of dry crackers placed on a wooden kitchen sink', 'a box of triscuits is near some spoons in a white tray', 'a box of roasted garlic triscuits sits on a counter next to a white sink with silverware in it', 'in this photo is a box of triscuit crackers on a table', 'cardboard box of triscuit crackers on top of a wooden surface next to a sink with dirty utensils in it']"
30861,VizWiz_val_00007430.jpg,a white tiled floor with a white ceiling fan in the background,"['a dish rack to let wet dishes dry is sitting on a kitchen counter', 'a wire rack for drying dishes sitting on a counter', 'an iron standing placed on a plain surface with wooden drawer under it', 'empty silver dish rack sitting on a counter with an outlet behind it that has the top plug being used', 'a wire rack on top of a wooden counter']"
29501,VizWiz_val_00006070.jpg,a computer screen with a window open on it,"['a captcha on a computer screen in one of the windows', 'a computer monitor is showing a web page with words on it', 'a computer screen on a laptop showing a captcha', 'a shot of a monitor showing a a captcha form', 'a screenshot has been captured on a computer monitor']"
24526,VizWiz_val_00001095.jpg,a close up of a computer screen with an error message,"['a computer screen displaying black and white text', 'a black computer screen with white text on it', 'an electronic device which displays the output or message', 'a computer boot screen that is performing a disk check', 'image shows a part of a computer monitor window']"
30910,VizWiz_val_00007479.jpg,a piece of paper with black text on it,"['a white page from a book that has black text', 'a white color paper with some text on a brown wooden surface', 'a very white and black text with a bunch of novels', 'a school book is open to a page about dichotomy', 'a white piece of paper with text written in black']"
25208,VizWiz_val_00001777.jpg,a dog is laying on the floor,"['a large yellow lab is laying out on the carpet as the people around him chat', 'a yellow dog lays at the feet on a woman with a black and white flower patterned dress in what appears to be a living', 'a white dog lying on the black rug', 'house pet is sleep well in hall and this is shown on this image', ""a dog laying down on a carpet next to a person's feet""]"
27478,VizWiz_val_00004047.jpg,a white piece of paper with black text on it,"['a box of for cd songs 4 life embrace his grace cd', 'white and blue audio music cd case cover', 'a religious musical cd on a black surface', 'a cd entitled songs 4 life is encased in plastic', 'plastic wrapped jewel case containing songs 4 life']"
29035,VizWiz_val_00005604.jpg,a box of coffee is on top of a table,"['a hard pack of camel cigarettes sits on a wooden table', 'the front of a box of camel filter cigarettes with a graphic of a camel in a desert with palm trees and a pyramid in', 'a packet of cigarettes on a hardwood surface', 'pictured is a pack of camel cigarettes on a table', 'a white camel cigarette pack with a picture of a camel on the front']"
25746,VizWiz_val_00002315.jpg,a box of food is on top of a table,"['two images the top one would look like a chocolate candy bar cut in half with nuts and caramel visible sitting on a tan plate', 'a box of a chocolate treat that is on the table', 'a box of chocolate covered wafer cookies someone is holding', 'a chocolate bar package showing a picture of the bar that is covered with dark chocolate and has nuts inside it']"
25404,VizWiz_val_00001973.jpg,i see a can of coca cola zero,"['a green and white bottle of lysol sanitizing wipes sitting on top of a counter near a kitchen stove', 'a bottle of cleaning wipes is next to the stove', 'a container of lysol citrus scented sanitizing wipes', 'a container of lysol sanitizing wipes sitting on a kitchen counter', 'lysol sanitizing wipes in a green and white container used for cleaning things']"
27717,VizWiz_val_00004286.jpg,a person is wearing a blue t shirt with a white collar,"['a driveway and sidewalk with a little bit of grass showing', 'a cement floor with green grass on the side', 'sidewalk cement driveway with grass growing over onto it', 'outdoor driveway and sidewalk area with green grass', 'grass is growing in the concrete cracks on the floor']"
24015,VizWiz_val_00000584.jpg,a red and white box of coffee is on top of a table,"['a red card with white words on a marble surface', 'a red card is on a gray counter and has a white gear image on it', 'a red and white gift card sitting on a floor', 'a credit card with the color red on a brown gray rug', 'a red card sitting on a light grey counter']"
26183,VizWiz_val_00002752.jpg,a person wearing a blue shirt with a white collar,"[""a person's chest is show wearing a white shirt but their face is hidden they also appear to be wearing headphones"", 'a man takes a picture of himself while wearing headphones', ""a man's head and left shoulder is obscured diagonally across the frame"", 'a person wearing a white t shirt and headphone cords are hanging down from them', ""a person's chest with headphones and an arm blocking part of the body""]"
30668,VizWiz_val_00007237.jpg,a black and white dog is sitting on a wooden surface,"['a bag of chess pieces hanging in a vehicle', 'a clear plastic bag of black and white chess pieces', 'a clear plastic bag that has chess pieces inside', 'a small clear plastic bag containing small chess pieces', 'several chess pieces are stored in a zip lock bag']"
23692,VizWiz_val_00000261.jpg,a computer screen with a blue background and a blue screen,"['a computer monitor that has a blue screen with definition audio driver r263 and a window with white text', 'computer monitor with definition audio driver showing on screen', 'a printer screen or laptop is open to a page that says definition audio driver r2 63', 'computer screen image displaying the definition of audio driver', 'i see a blue computer screen with information for software on it']"
23987,VizWiz_val_00000556.jpg,a picture of a building with a blue sky,"['a computer screen with an image of a building and trees on it', 'picture of a beautiful campus that is green with trees', 'a computer screen with an image of trees obscuring a brick building', 'a yard with very green grass and two tall and very green trees to the right and left of the yard', 'computer screenshot of a brick office building behind full trees with leaves']"
25328,VizWiz_val_00001897.jpg,a person is sitting in front of a computer screen,"[""dresser and lower portion of a man's body"", 'torso and legs of a person wearing shorts in front of a wood dresser', 'a photo of a persons lower body wearing blue shorts and a 5 drawer dresser', 'a person laying on the floor and a wood dresser']"
23917,VizWiz_val_00000486.jpg,a person is sitting on a wood table,"['a wooden wall with cedar planks and wood knots', 'close up picture of some brown wooden floorboards', ""beside a wooden wall's door frame is a modern refrigerator door"", 'light wood colored plant table with part of an open laptop in view', 'a wooden object made out of wooden planks']"
28710,VizWiz_val_00005279.jpg,a package of food is on top of a table,"['bottom side of a box with a qr code on it', 'an blue box with an aqua teal logo displaying the logo', 'a blue flyer with a group of people and a qr code', 'a computer screen is displaying a window with a message', 'the close up of a square black and white scan barcode on a package that is a room design makeover box that has a blue']"
29369,VizWiz_val_00005938.jpg,a black stapler sitting on a wooden table,"['a blue pen is next to a black phone', 'a machine with on and off buttons and several sliding switches with a cell phone and pen in front of it', 'a black color small phone placed on a brown table', 'a cellular phone is on the audio booth table next to some electronic gear', 'a sound board with several controls and a pen']"
24016,VizWiz_val_00000585.jpg,a laptop computer with a black screen and a keyboard,"['a laptop has a window open on it and a wire connected to it', 'a laptop with a graphing program on screen is sitting on a white work surface next to a bed', 'an open laptop with an open application on the screen', 'a laptop computer sitting on a desk beside a bed', 'image contain a partial part of a laptop']"
23491,VizWiz_val_00000060.jpg,the front cover of a book about <unk> <unk>,"['a hardcover novel from clive cussler and dirk cussler', 'a book with the text clive cussler and dirk cussler with an image of a sci fi boat', 'top of a clive cussler and dirk cussler book with title not showing', 'the front of a book by clive cussler is shown with pages sticking out of it', 'the cover of a book by author clive cussler']"
25257,VizWiz_val_00001826.jpg,a picture of a window with a lot of trees in the background,"['some white lacy curtains hanging in a window', 'a closed window covered by sheer white curtains', 'curtains closed over a window facing outside and a blue sky', 'a large white lace curtain with flowers on it', 'a large window covered by lacy sheer curtains with a valance hanging in the center']"
28352,VizWiz_val_00004921.jpg,a black remote control with white buttons on a wooden surface,"['hi tech electronic equipment with multiple buttons and screams', 'an electric audio station unit had a lot of dials and buttons for recording audio', 'a sound mixer with a small microphone over it', 'powered on cdmix audio mixer with a microphone']"
25338,VizWiz_val_00001907.jpg,a person wearing a blue t shirt with white buttons,"['a piece of black clothing stretched out across a bright surface', 'a dark blue shirt sitting on a surface with the sleeve of a white and purple shirt sitting on top', 'a blue garment or shirt is lying on the flat surface']"
28055,VizWiz_val_00004624.jpg,a person is holding up a bottle of lotion,"['a person is holding a container with a black lid', 'someone is holding a pink green and silver object']"
28351,VizWiz_val_00004920.jpg,a red and white label with a red label on it,"['the back of a red cell phone with a sticker sitting on a carpet', 'an orange card is lying on top of a brown rug']"
23606,VizWiz_val_00000175.jpg,a page from a book about <unk> and <unk>,"['a document contains many spaces for many different pieces of information to be filled in such as name and address', 'a paper from that asks contact information and disability information', 'a form that is asking for general personal information that is not filled out yet', 'a white piece of paper with black writing is about disabilities', 'a yellow colored formal document with black lettering']"
26249,VizWiz_val_00002818.jpg,quality issues are too severe to recognize visual content it's too blurry to recognize visual content,"['a white blur stands out against a dark background', 'a grey screen going from lighter to darker going left to right']"
23959,VizWiz_val_00000528.jpg,a computer screen with an error message on it,"['a laptop computer showing end user license agreement', ""it's a windows vista user agreement box for setting up windows"", 'a close up picture of a computer screen of a set up window showing', 'a laptop is open and there is a licensing agreement', 'a laptop screen displaying a user license agreement']"
25293,VizWiz_val_00001862.jpg,a person wearing a blue shirt with a white collar,"['a button up dark dress shirt is laid folded on the floor', 'a gray shirt is laying on the floor the floor has a brown carpet', 'a black patterned shirt laid out on a bed', 'a long sleeve black and grey shirt lying on the floor', ""a person standing in front of a men's dark colored shirt""]"
25487,VizWiz_val_00002056.jpg,a close up of the back of a can of food,"['a small portion of a gray remote on a light desktop', 'a grey remote control is sitting next to a tan object with something grey on top']"
24434,VizWiz_val_00001003.jpg,a computer screen with a web page pulled up,"['app store categorizing medical vizwiz for blind users', 'a computer screen showing a page for vizwiz', 'a computer monitor is showing an open window on the screen', 'the instruction on how to use vizwiz to ask questions about things around them', 'a screen with a product in the app store shown']"
27197,VizWiz_val_00003766.jpg,a k cup of coffee is on top of a table,"[""the top of a k cup coffee lid for timothy's world coffee"", 'a k cup is sitting on a sandstone colored surface', 'a single serving container of espresso for a keurig brewer sitting on a white counter top', 'the top of a k cup of espresso that is red and black in coloring', 'extra bold rainforest espresso k cup for keurig brewers']"
27745,VizWiz_val_00004314.jpg,a bottle of <unk> brand vitamin c crystals,"['a bottle of salad dressing is right on top of the counter', 'two bottles of paul newman salad dressing with one showing the nutritional label and the other the front of a label which is raspberry and', ""the back label for a bottle of newman's brand salad dressing"", ""glass bottle of newman's own salad dressing with white label and black text on a black and white speckled counter top"", 'two salad dressing bottles unopened on granite table top']"
27087,VizWiz_val_00003656.jpg,a sheet of paper with black font lettering on it,"['a white computer screen showing a page with a captcha', 'a black and white captcha image on a computer monitor', 'a code on a computer screen that reads w2nmv5fz', 'a capcha code showing the code w2nmv5fz on the screen', 'a computer screen showing a box where to insert and audio code']"
26546,VizWiz_val_00003115.jpg,a close up picture of a piece of paper with black text on it,['here is a pink and white object which appears to be a blanket']
31152,VizWiz_val_00007721.jpg,a white paper with black text on it,"['a text with weight and some name and some measurement', 'parcel shipping or mailing label weight point670kg detail of sm jalapeno', 'a label for trimmed meat flavored with jalapeno', 'a sticker tag for a jalapeno flavored bothwell cheese', 'a price sticker and barcode for jalapenos']"
29058,VizWiz_val_00005627.jpg,a close up of a can of coca cola zero,"['a closeup shot of the text on a pizza box', 'a portion of a red yellow white and black box probably for pizza is shown', ""image contains bright red yellow white brown colors around one may be a portion of letters but isn't then to close to detect what the""]"
26760,VizWiz_val_00003329.jpg,a package of <unk> <unk> <unk>,"['a ingredient made up of milk which is used to make dishes especially pizza', 'image contain a packet of mozzarella cheese which is a natural cheese', 'a plastic unopened bag of kraft shredded mozzarella cheese', 'a bag of kraft natural mozzarella grated cheese', 'a package of cheese is on top of a table']"
26026,VizWiz_val_00002595.jpg,a bottle of body wash is on top of a table,"['garlic salt seasoning for food wrapped in green label', 'someone holding a green bottle of garlic salt', 'a jar of spice classics garlic salt and a bag with some foil pans in the background', ""plastic container of salad seasoning held in someone's hand"", 'a green plastic container of garlic salt with a green top']"
29411,VizWiz_val_00005980.jpg,a coffee maker is on top of a table,"[""a single unused k cup from the brand timothy's in the flavor espresso"", 'a round lead is placed on white surface', 'a bottle cap on top of a stove', ""a single use coffee pod with a timothy's label"", 'a coffee pod is on top of a stove']"
25098,VizWiz_val_00001667.jpg,a glass bottle with a white label on it,"['a clear empty glass sitting on a marble counter', 'a glass has a dark purple liquid in it', 'a transparent glass of wine cup containing some red wine', 'a clear glass of liquid sitting on a counter top', 'a wine glass with no stem and a small amount of red liquid in it']"
29215,VizWiz_val_00005784.jpg,a white plastic bottle with a white label on it,"['a green led mouse glowing in the dark', 'a mouse for a computer on and its green', 'a wireless mouse that is glowing the color green', 'a computer mouse lit up from inside with a green light']"
29556,VizWiz_val_00006125.jpg,a computer screen with a blue background and white text on it,"['a red and gray panasonic 3 way speaker system', 'a tape player stereo with black and silver front', 'an up close three way speaker system is shown', 'a red device with 3 with speaker system written on it', 'numbers adorn a radio dial at the top of an older radio with a red face']"
29773,VizWiz_val_00006342.jpg,a person is holding up a bottle of lotion,"['a person holding a book about mystical or magical things with a television remote sitting on some type of hard surface', ""an edge of a brown book that is resting on someone's lap"", 'the bottom of a harry potter dvd set where it highlights the new documentary about the creation of the movie', 'a book is on top of a remote on a table', 'a remote control clicker with some type of media sitting on top']"
27932,VizWiz_val_00004501.jpg,a picture of a computer screen with a red screen,"['in a market there are hanging packages of products with price tags', 'the photo is of beauty tools at a drug store', 'well packed scissors and there is price list on them', 'store shelf stocked with many different products with yellow price tags', 'cuticle scissors and other cosmetic items are hanging on hooks in a store display']"
25187,VizWiz_val_00001756.jpg,a person is holding up a bottle of lotion,"['a hand holding a box of doctor who from bbc', 'picture containing a man with the text doctor who', 'a picture of a person holding a doctor who series disc', 'a bbc series show season on dvd in a dvd case', 'a person holding a copy of a doctor who dvd']"
26961,VizWiz_val_00003530.jpg,a person is holding up a can of food,"['a picture of a kitchen table with an empty wine bottle water bottle and some small kitchen appliances in the background', 'shown in the picture is a persons kitchen the cabinets are white thin and have brown bordering there is a kitchen table with flower placemats', 'the furniture used to sit while eating or drinking', 'a kitchen table that is made of tile with a water bottle and a wine bottle on it', 'someone in a kitchen next to a kitchen table']"
28505,VizWiz_val_00005074.jpg,a bottle of wine is on top of a wooden table,"['middle part of a hand soap bottle laying on top of a bathroom counter', 'a bottle of deep cleansing hand soap with vitamins b5 and e', 'a bottle of anti bacterial hand soap in kitchen spice scent sitting on a wood surface', 'a bar of soap sitting on a wooden desk', 'a deep cleansing hand soap sits on the counter and is scented kitchen spice']"
30778,VizWiz_val_00007347.jpg,a white piece of paper with black font lettering on it,"['a piece of fabric with wisconsin printed on it in red with a red w below that', 'a state name in red capital letters on a white fabric', 'a white shirt laid out with red words on the front', 'white wisconsin t shirt that has lettering on top of it', 'the white fabric item has wisconsin printed in red block letters outlined in black underlined twice in red with a red w underneath']"
27830,VizWiz_val_00004399.jpg,a close up of a white piece of fabric,"['a floor that is full of white tiles in square formations', 'beige vinyl or laminate flooring that looks like tiles', 'a beige grey tile floor with grey grout', 'a simple view of a tile floor with grey and white tiling']"
25630,VizWiz_val_00002199.jpg,a close up of a can of coca cola zero,"['a device with the warning label that says hot surface', 'a ge brand metal object that displays the words hot surface', 'a stainless steel ge appliance sitting on a dark wood colored table', 'metallic looking case with a warning and logo of company', 'pictured is a silver portable ge electric stove top on a wooden counter']"
24798,VizWiz_val_00001367.jpg,a person is holding up a bottle of lotion,"['a person is holding a phone that is turned on in their hand', 'holding a bright cell phone in a hand with side buttons', 'right palm and thumb of white person holding a cell phone', 'a hand holding a phone with the screen turned on']"
28021,VizWiz_val_00004590.jpg,a package of food is on top of a table,"['food packaging for beer battered cod fillets resting on a table from the perspective of someone looking down on them', 'a tv dinner package of cod fillets sitting on a wooden piece of furniture next to a yellow container', 'a box of cod fillets is lying on a wood grained work surface next to a bottle of lighter fluid and other items', 'a box of all natural crispy golden cod fillets', 'a frozen meal that is gently placed next to some bottles']"
27394,VizWiz_val_00003963.jpg,a page from a book about <unk> and <unk>,"['a white book is open and the text describes different languages from all over the world', 'i see two pages in an open book with lots of writing on them', 'a book with white pages has black text', 'image shows a open book page with full of text', 'a close up of the inside of a books page wording on white paper with black lettering']"
28957,VizWiz_val_00005526.jpg,a person is holding up a bottle of lotion,"['a pump bottle of hand soap and face soap on a pink sink', 'a bathroom sink faucet with a bottle of hand soap next to it', 'a plastic bottle of hand soap next to the handle of the wink', 'a pumping bottle of soap placed on a ceramic sink', 'a plastic gel container sitting next to a sink']"
24494,VizWiz_val_00001063.jpg,a computer screen with a blue screen and a blue screen,"['a lg computer monitor displaying some texts placed on a wooden standing', 'a lg thick tv is on a wooden table', 'a computer monitor is on a wood stand', 'a computer monitor perched on a small table with a wall shelf behind it with lots of wires and small things on it', 'a computer screen sitting on a chair showing some files and a white router on top of the screen']"
24473,VizWiz_val_00001042.jpg,a box of medicine is on top of a table,"['a set of three cards that seem to be bank cards', 'three credit card sized cards are on the a yellow brown surface', 'three plastic credit type cards are fanned out on a green woven mat', 'three credit cards placed on brown placemat']"
29864,VizWiz_val_00006433.jpg,a white tiled floor with a white tiled floor,"['i see a floor with designs on it', 'the tile flooring in a kitchen has square tiles where four corners meet', 'square tiles with diamonds in between line the floor', 'a tile floor with a white cabinet on the right']"
27873,VizWiz_val_00004442.jpg,a box of coffee is on top of a table,"['a single serve meal of classic moussaka from asda', 'a packaged box frozen lamb meal for one is on a counter', 'a package containing a frozen dinner with purple packaging', 'classic moussaka personal meal for one with minced lamb in tomato sauce mixed potatoes aubergines topped with bechamel sauce cinnamon and nutmeg', 'a frozen microwavable meal of moussaka for one person']"
29816,VizWiz_val_00006385.jpg,a package of coffee is on top of a table,"['a black box containing axe effect dark temptation body spray', 'a box for axe body spray in the scent dark temptation', 'the box is black in color and has a logo on it that is metallic in color', 'a box of axe dark temptation body spray', 'a box with some axe stuff inside of it']"
24001,VizWiz_val_00000570.jpg,a sheet of paper with black font lettering on it,"['i see a notebook on a table with a pen next to it', 'a blue pen resting on a notebook with written words in it on a desk', 'a notebook with writing and a pen on it on a desk with folders clips and other office supplies on it', 'a spiral notebook has homework questions written on the right page', ""someone's notebook sitting opened to expose a few notes""]"
30296,VizWiz_val_00006865.jpg,a person is holding up a bottle of lotion,"['a door is open and some light is getting into the room', 'white and green plastic packaging that has the word green on it', 'i can see the writing green and a picture of a tabby cat', 'someone holding an opened package with the wording feline green on it', 'a white package filled with treats for cats']"
27483,VizWiz_val_00004052.jpg,a close up of a computer screen with a blue screen,"['a picture of a dark blue shirt laying on something black', 'a person is wearing a large blue t shirt', 'a piece of blue fabric possibly from a shirt', 'somebody is wearing a very blue very plain shirt', 'royal blue fabric with stitching in the left hand corner']"
29573,VizWiz_val_00006142.jpg,a piece of paper with black text on it,"['on a table is a lace tablecloth and a hand of playing cards a ten of spades is on top', 'a playing card showing the 10 of clubs', 'a ten of clubs on top of the deck of cards', 'a deck of cards that can fit in your hand', 'the ten of clubs on top of other cards']"
24140,VizWiz_val_00000709.jpg,a wooden table with a white vase on a wooden table,"['a dark picture with medication bottle and ornament on a wooden surface', 'a clear brown prescription pill bottle with a white cap', 'a sealed prescription pill bottle sitting on a table surface', 'the medication bottle is sitting on the wooden desk in front of the statue']"
31113,VizWiz_val_00007682.jpg,a person is holding up a bottle of lotion,"[""a blue electric razor sitting on someone's lap"", ""a mechanical facial shaver sitting on someone's shirt"", 'a person wearing red and white plaid boxers and a lime green t shirt resting a blue electric razor in his lap', ""the shaver is on the person's lap and the person is wearing plain shorts""]"
28171,VizWiz_val_00004740.jpg,a package of food is on top of a table,"['a package of store bought multiseed deli rolls', 'a bag of rolls that is on the counter', 'a bag of rolls next to another frozen bag of food', '4 rolls in the packet also another packet near it', 'a bag of seeded sandwich rolls and a bag of frozen potatoes']"
30824,VizWiz_val_00007393.jpg,a sheet of paper with questions on it,"['trigonometry test question about calculating the cosine of angle z', 'a mathematical problem in the field of geometry with a triangle illustration', 'a page of text showing a geometry problem', 'a math problem for with multiple choice answers listed', 'a paper showed exam or homework problem more likely multiple choice']"
25429,VizWiz_val_00001998.jpg,quality issues are too severe to recognize visual content too blurry to recognize visual content,['a blank screen that is nothing but black']
23909,VizWiz_val_00000478.jpg,a white piece of paper with black writing on it,"['a close of a date with the text 05 18 on a piece of paper', 'month date may 18 white background and blue letters', 'in this image the date 05 18 is showing']"
25417,VizWiz_val_00001986.jpg,a brown leather wallet sitting on a wooden table,"['a close up of a dead cockroach on a wooden countertop', 'a cockroach is sitting on an orange grainy surface', 'a dead or live bug on a wooden table or surface', 'large black bug with wings laying on wooden surface', 'a large cockroach sitting still on a wood grain table']"
25992,VizWiz_val_00002561.jpg,a bag of potato chips is on top of a table,"[""an orange package of dunkin' donuts brand ground coffee"", 'a countertop with a portion of a dunkin donut coffee bag', 'a bag of dunkin donuts coffee on top of a counter', 'a bag of dunkin donuts coffee on top of a blue marble surface', 'an orange bag of dunkin donuts ground coffee']"
30218,VizWiz_val_00006787.jpg,a person is wearing a black shirt with a white collar,"['a grey and black tennis shoe being held in front of the camera', 'black sneakers are held up at night in a house', 'black and grey athletic shoes with stitching and panels', 'amends show that is black and grey', 'a person is holding an athletic shoe in their hand']"
30429,VizWiz_val_00006998.jpg,a package of food is on top of a table,"['a box of betty crocker brownie mix with walnuts', ""a box mix of betty crocker brand brownies with hershey's chocolate"", 'the corner of a container of betty crocker walnut brownie mix', 'box of brownie mix with picture chocolate brownies of it', 'a package of brownie mix is lying on top of a table']"
30830,VizWiz_val_00007399.jpg,a person is wearing a black and white striped shirt,"['a red electric guitar on top of a black leather couch', 'a red bass guitar is laid down on a leather swivel chair', 'a red electric guitar in a black office chair', 'a red guitar is on the black chair', 'on a black chair is an electric guitar in an office area']"
26458,VizWiz_val_00003027.jpg,a can of chef boyardee harvest tomato paste,"['a person is holding a can of pork and beans in tomato sauce', 'a tin can of pork and beans by van camp branding', 'a can of pork and beans is on the counter', 'can of van camp pork and beans showing a spoonful of beans over a pot of beans']"
24359,VizWiz_val_00000928.jpg,a white piece of paper with black writing on it,"['a web page asking for a yahoo id and a captcha needed to log in', 'an image of a computer screen with large black words and a white background', 'captcha code and entry box for a yahoo sign in containing the first part of the captcha code but missing the back end', 'a screenshot of a yahoo login page showing a captcha', 'some sort of captcha that is on a white screen']"
23593,VizWiz_val_00000162.jpg,a computer screen with an error message,"['a black toshiba laptop computer screen displaying some text', 'i see a toshiba computer that shows text prompts for software called chkdsk', 'a laptop computer is running a chkdsk command on a black screen with white text', 'toshiba laptop screen showing the process of running chkdsk', 'a computer with some kind of code on the screen']"
27504,VizWiz_val_00004073.jpg,a close up of a computer screen with a blue background,"['appears to be a picture of someone hand', 'a package with illustrations of people has been photographed over a mauve colored carpet']"
26132,VizWiz_val_00002701.jpg,a person is holding up a bottle of lotion,"['a big teddy bear is on the floor next to a cat', 'a teddy bear on the floor laying next to a garbage can and in front of a window sill', 'a teddy bear lies on the floor under a window', 'big teddy bear laying to the side on the floor', 'the windowsill has a teddy bear and a trash can in front of it']"
28442,VizWiz_val_00005011.jpg,a person is holding up a container of yogurt,"['a container of shea body butter for very dry skin', 'a round container of shea body butter on a lap', 'a silver colored bottle of body butter with brown label', 'a container of shea body butter being held by a hand', 'i see someone holding a container of shea body butter from the body shop in their fingers']"
23435,VizWiz_val_00000004.jpg,a computer screen with a blue background and white text on it,"['close up of a computer monitor that is powered on', 'a monitor has a message displayed on it', 'pictured here is a screenshot that shows an error message from an app', 'computer screen displaying an error saying the display driver is not supported by zoom text', ""a screenshot of someone's monitor that is having issues""]"
27853,VizWiz_val_00004422.jpg,a package of food is on top of a table,"['white bag with blue lettering and green colors', 'i see a bag of food on the counter', 'a bag of green peas is on a wooden table', 'a bag of unopened frozen peas that is medium size', 'a bag of frozen green peas with a number and words on it']"
29975,VizWiz_val_00006544.jpg,a white piece of paper with black text on it,"['white sheets with a silver pack of marlboro cigarettes on them', 'a box of marlboro cigarettes laying on a piece of fabric', 'white sheet with white paper black words showing a hand', 'a pack of ciggies on a t shirt that u can smoke', 'a card with text is lying on a white cloth']"
27933,VizWiz_val_00004502.jpg,a white thermostat is on top of a wall,"['a thermostat reading sixty nine degrees with the up and down buttons', 'a electronic thermometer with displayed temperature installed on a wall', 'a white thermostat reading 69 degrees on a white wall', 'a wall mounted white thermostat heat controller with an led screen', 'the upper left corner of this thermostat shows the current temperature']"
24769,VizWiz_val_00001338.jpg,a can of food is on top of a table,"['the bottom side of a soap container on top of a black surface', 'bottle of soap lying flat on a horizontal surface', 'a picture of a hand soap is depicted on a green countertop', 'a label with the description hand soap on a container', 'the bottom portion of a hand soap bottle that is laying on its side']"
29835,VizWiz_val_00006404.jpg,a close up of a blue t shirt with white trim,"['a red and white piece of fabric with creases and folds in it', 'a red and white embroidered fabric has stripe detailing', 'a red and white woven piece of clothing or blanket', 'a blanket with red and off white colors']"
26550,VizWiz_val_00003119.jpg,a close up of a computer screen with a blue background,"['a silver logo for the company apple emblazoned upon a plain white surface', 'the back of a white apple device showing the apple logo', 'a white apple laptop has the apple logo on it', 'an apple computer logo on the back of an apple ipod or laptop', 'silver laptop with apple logo with bright flash']"
31007,VizWiz_val_00007576.jpg,a computer screen with a window open on it,"[""the command screen on a person's laptop which is sitting on a brown table"", 'a computer screen showing some sort of error screen', 'a computer screen is displaying a window with a message', 'snapshot of a computer desktop screen', 'a laptop in hard drive consistency check mode']"
25080,VizWiz_val_00001649.jpg,a white piece of paper with black letters on it,"['in a yellow paper written as 7259 and totally as 7694', 'a person is holding up a post it note with numbers on it', 'some calculations are calculated by here and is shown by here', 'a yellow piece of paper with some black numbers on it', 'a yellow paper with some numbers written on it']"
28524,VizWiz_val_00005093.jpg,a person wearing a blue shirt with a white collar,"['a person wearing a grey sweater and blue jeans next to a wooden table', 'black color cloth and part of a wood frame door', 'a sweater and jeans in front of a desk', 'green cloth with a wood board laying against it and black rectangle']"
30966,VizWiz_val_00007535.jpg,a computer screen with a blue background and a blue screen,"['a windows start up screen asking to sign in', 'the start up screen on a windows computer', 'home screen on a computer showing a flower icon', 'a close up of the windows 7 login screen', 'a blue computer screen on a startup setting']"
28778,VizWiz_val_00005347.jpg,a person is wearing a blue shirt with white buttons,"[""a red hat on top of a woman's head with blue shirt"", 'a pink embroidered hat placed on top of a blue linen is shown in the picture', 'a weaved coral pink colored brimmed cowboy type hat sitting on a light blue folded cloth in the middle of a room', 'pink straw hat atop a stack of other clothing']"
30513,VizWiz_val_00007082.jpg,a sheet of paper with questions on it,"['two math problems are typed on a paper with ink written on it', 'page from a book with math questions and handwritten notes', 'a white color paper showing some mathematical expression', 'a diagram describing the shape of a pyramid and a cubic rectangle', 'two problems in a geometry book or assignment that have the answers written in']"
25916,VizWiz_val_00002485.jpg,a package of food is on top of a table,"['the bottom of a brown and green box with red fabric nearby', ""a box of gloria jean's mudslide coffee pods"", ""a person standing in front of a gloria jean's mudslide box on the counter"", ""i see box containing 24 count of creamy chocolate made by gloria jean's coffees"", 'a box of gloria jean coffee mudslide flavor sitting on a counter']"
28662,VizWiz_val_00005231.jpg,a computer screen with an error message on the screen,"['and older white computer that is turned off', 'an old white crt monitor and a router on a desk with a wall in background', 'a picture of a 2000s era monitor powered off next to a netgear modem', 'an older computer monitor it is white with a thick frame around it', 'an old fashioned crt monitor with a modem on the side']"
30761,VizWiz_val_00007330.jpg,the top of a cd case that is on the table,"['a person that has a vanilla ice cream jar on their lap', ""a tub of vanilla ice cream is sitting between a person's legs"", 'a small lidded container of vanilla ice cream with a black lid and white label sitting on the lap of a blue sweatpants wearing person', ""a tub of vanilla ice cream sitting in someone's lap""]"
24313,VizWiz_val_00000882.jpg,a computer screen with a blue screen and white text on it,"['the digital monitor screen of an xm radio', 'a sirius xm radio with a phone number on the screen', 'a satellite radio is turned on and displaying information', 'a screen displays the phone number for sirius xm', 'siriusxm com screen with phone number and buttons']"
27663,VizWiz_val_00004232.jpg,a person is wearing a black shirt with white buttons,"['a black leather couch with lots of folds and creases', 'a black leather couch with white walls in the background', 'straight ahead is a leather looking and black sofa that does not have any items on it', 'a brown leather couch that looks fairly worn', 'a big black leather couch in front of a white wall']"
24912,VizWiz_val_00001481.jpg,a blue and white vase with a blue lid on top of it,"['an image of an item with thomas the tank engine on it', 'a screen displaying a cartoon with a circular head', 'thomas the train character blue and grey with a smiling face', 'a large image of a blue cartoon train is seen', 'a grey smiley face is on a blue train engine car with chinese symbols at the bottom']"
29829,VizWiz_val_00006398.jpg,a clear plastic bottle of purell hand sanitizer,"['i see a tube of lotion on the table', 'an orange clean and clear facial scrub bottle setting on a dark wooden surface', 'a bottle of orange clean and clear morning burst facial scrub', 'tube of facial cleanser with twist off cap', 'a bottle of clean clear cosmetic product standing on a table']"
27603,VizWiz_val_00004172.jpg,a box of cereal with a picture of the food is on the packaging,"['a red workbook titled application study with additional gold graphic or word', 'a red surface with words in white and either a design or a word in gold', 'a new life version application based study bible with a red background', 'a computer screen that says application study the letting is in white and the background screen is in red']"
25616,VizWiz_val_00002185.jpg,a hand is holding up a bottle of lotion,"['a person holding a fanta orange soda in their hand', 'a can of a drink says 100 natural flavors', 'a can of orange fanta with a mug that says hugs and kisses in the background', 'a hand holding a fanta orange soda can', 'a person holding an orange fanta soda can with a red mug sitting on a table']"
29470,VizWiz_val_00006039.jpg,quality issues are too severe to recognize visual content too blurry to recognize visual content,"[""quality issues are too severe to recognize visual content it's completely black""]"
30806,VizWiz_val_00007375.jpg,a package of coffee is on top of a table,"['a blue sports cap with a large logo on the front for bass pro shops', 'a blue baseball cap is right on the couch with a logo on it', 'a hat is sitting on the edge of a table', 'a blue hat with a fish is on a white table', 'a navy blue baseball cap advertising for bass pro shops']"
29491,VizWiz_val_00006060.jpg,the back of a package of food showing nutritional information,"[""a sealed tin can with corn as one of it's contents"", 'a hand holding a yellow canister of corn', 'yellow corn food tin with labels written in black color', 'can of corn being held by someone in front of a counter']"
23459,VizWiz_val_00000028.jpg,a person is holding up a bottle of lotion,"['image is blur and hard to find what it is', 'a woman in pink pajamas standing next to a white refrigerator in a kitchen', 'the back of a woman in pink standing at her counter and next to her white refrigerator', 'a photo of a person wearing a pink shirt and pink flower pants in a kitchen next to a refrigerator', 'a person in red shirt and pink pajama pants stands in a kitchen near cabinets and counters']"
27215,VizWiz_val_00003784.jpg,a box of coffee is on top of a table,"['the top of a box of coffee cups for a keurig machine is being photographed on a table', 'a box of keurig coffee pods is laying on a counter top', 'a box with the words big easy and a emeril logo for coffee', ""a blue purple and black package of emeril's gourmet coffee sits on a speckled gray surface"", 'a recipe book laying open face down on a table']"
24741,VizWiz_val_00001310.jpg,a white piece of paper with black text on it,"['the information sticker on a product and a barcode at the bottom', 'back of a container and has information on disposal and others', 'specific input and output in the back of the item', 'a label with letters and numbers and a partial upc code']"
27059,VizWiz_val_00003628.jpg,a can of food is on top of a counter,"['a small tin jar of resealable nuts is on the table', 'a red tin on the floor with nutritional facts', 'a red jar of almonds with a black lid', 'a red can of peanuts with a black lid and nutritional information on the back side', 'a can of nuts in a red container on a counter top']"
25873,VizWiz_val_00002442.jpg,a clear bag of coffee is on top of a table,"['in this image is a plastic bag and a black strap on a table', 'plastic bag and another bag with a strap on a wood table', 'the bag on the table is made of plastic and is empty', 'a package or clear bag that is used for packaging']"
24356,VizWiz_val_00000925.jpg,a computer screen with a blue background and a blue background,"['a black colored computer screen showing nib and other texts', 'i can observe in the image a computer monitor in the on position with several icons and windows open', 'a computer screen that has the words on nib on it', 'a computer screen with one window open with the words nib', 'web page opened up in a windows environment']"
26268,VizWiz_val_00002837.jpg,the back of a package of food showing nutritional information,"['a package of cookie mix displays the cooking instructions for it', 'the baking instructions portion of a package of chocolate chip cookie mix is shown', 'back of a bag of chocolate chip cookie mix which shows the directions how to make', 'a package of cookie mix that has the instructions on it', 'a plastic bag of cookie mix displaying the instructions']"
28794,VizWiz_val_00005363.jpg,a package of food is on top of a table,"['an unopened package of kirkland brand rotisserie chicken and dumplings with a sell by date of 1 16 12', 'a tray of cooked food in a metal in with a clear plastic lid', 'a metal pan of shredded chicken with dumplings peas and carrots', ""a package of chicken and dumplings with it's price lay on a black background"", 'this food item is rotisserie chicken and dumplings']"
29889,VizWiz_val_00006458.jpg,a person is wearing a black shoe with a black shoe,"['a person is sitting on a chair and wearing jeans', ""photo is of someone's two bare feet against a carpeted background"", 'the feet are small and fat and have no shoes on them and the toe nails are not painted', ""someone's feet above a light tan colored carpet"", 'blue jeans and bare feet over a beige carpet']"
25644,VizWiz_val_00002213.jpg,a close up of a pair of blue denim jeans,"['blue dress shirt with white buttons and pockets', 'the front of a brown and blue button up shirt', 'a blue shirt has a pocket and white buttons', 'a blue contrast dress shirt with white buttons', 'the front of a button up chambray shirt with a pocket']"
29733,VizWiz_val_00006302.jpg,a close up of a white piece of fabric,"['a floral print fabric with a white background', 'a coarse fabric with a pink and blue flower print', 'looks like a bedspread or curtain with colorful flowers and a finger in the way of the top of the photo', 'a picture of a floral blanket on a bed', 'a pink flowered table cloth is on top of a table']"
27911,VizWiz_val_00004480.jpg,a close up of a blue piece of fabric,"['a piece of fabric in the color purple that is made of a linen', 'a blue piece of cloth has a great reflection on one side', 'some type of cloth that is purple in color is slightly wrinkled', 'a piece of purple fabric with piles takes up the entire frame']"
30881,VizWiz_val_00007450.jpg,a pink piece of fabric that is laid out of frame,"['a tablecloth has blue red and green colors on it', 'a two toned fabric with a zipper in the middle the bottom is denim colored and the top is red with flowers on it', 'multi color fabric with embroidery flowers laying flat down', 'green blue and red fabric with a flower design']"
29146,VizWiz_val_00005715.jpg,a black and white cat laying on a couch,"['a white and black cat sits on dark fabric', 'a white and black spotted cat is laying down', 'on a bed lies a kitty cat that is mostly white with large black spots and two black ears', ""looking from above at a white and black cat sitting on a person's lap while looking at the person"", 'a top view of a white cat with black stripes on body and two black spots on head']"
24381,VizWiz_val_00000950.jpg,a computer screen with a window open on it,"['a browser window shows a book cover that is a scanned image', 'a black laptop computer showing a page of computer organization and design', 'an image of a book on computer organization and design with its front and back cover facing out is presented on the screen of a', 'a pdf of a book on a computer screen about computer organization and design', 'blue book cover of hardware and software textbook']"
29480,VizWiz_val_00006049.jpg,a blue and white teddy bear on a blue carpet,"['a food product box lying on a black countertop', 'box of a pop up stand up bowl for popcorn', 'secure file sharing storage and collaboration anywhere access box']"
29132,VizWiz_val_00005701.jpg,a person wearing a blue t shirt with white buttons,"['article of clothing or blanket laying on a piece of fabric with flowered pattern', 'black colored cloth sitting on top of green black and grey patterned cloth', 'black piece of fabric with a silver flower with pink embroidered outline', 'a piece of fabric that is black with red embroidery sitting on a bed', 'a black cloth with red and white flowers is on top of another cloth']"
23527,VizWiz_val_00000096.jpg,a can of food is on top of a table,"['a single can of pepsi soda resting on a blanket', 'a can pepsi is lying on a material that looks like wall insulation', 'a blue can of pepsi with the pepsi logo shown', 'a pepsi can is nestled in a fuzzy beige blanket', 'a can of pepsi soda pop almost squished between two tan pillows']"
30677,VizWiz_val_00007246.jpg,a fish tank with a picture of trees and a <unk> on it,"['a thin tree with a number of leaves rising up behind a dark wall', 'a tree outside with lots of small leaves on it', 'a tree in a black plastic pot is growing outdoors', 'tree growing in a cement planter near a home', 'a tree with leaves in a large black pot']"
28050,VizWiz_val_00004619.jpg,a bottle of lotion is on top of a table,"['a glass jar with a label on it has a pink colored scented candle', 'a pink candle in a glass jar sits on a navy blue background', 'the side of a pink jarred candle sitting on a dark surface', 'glass bottle of something like butter fixed on legs of person who wear trousers', 'a pink colored scented candle with a bronze colored cap']"
25517,VizWiz_val_00002086.jpg,quality issues are too severe to recognize visual content too blurry to recognize visual content,"['a dark surface with a spark is seen at its center', 'either an image of sun or image of a torch captured', ""the reflection of the camera's flash on an unknown surface""]"
27843,VizWiz_val_00004412.jpg,a white piece of paper with black font lettering on it,"['a small golden yellow cell phone with a camera lens on the back', 'a nokia camera is sitting on your lap', 'a small yellow nokia camera is laying on a fabric surface', 'yellow nokia camera sitting on a black cloth background', 'a dark pair of jeans with a yellow cell phone on the bottom']"
27334,VizWiz_val_00003903.jpg,a close up of a grey t shirt with white text on it,"['close up of a zipped up zipper with black cloth', 'i see a gray sweater with the zipper closed', 'black sweater or other article of clothing with metallic zipper', 'a partially unzipped zipper for a black hoodie', 'a close up of a black jacket that is zipped all the way up']"
28416,VizWiz_val_00004985.jpg,a bottle of wine is on top of a table,"['a bottle of red wine with an image of two horse heads on it', 'a bottle of wine that has a picture of two horses on the label', 'a bottle of some wine with a picture of two horses one black the other brown on the label', 'a wine bottle with a white label that has a picture two horses on it', 'a bottle of red wine is shown on a wooden kitchen counter']"
26613,VizWiz_val_00003182.jpg,a picture of a computer screen with a blue screen,"['television handing on the wall with a tv show on with a dark background', 'a woman with a pink shirt is on the television', 'an orange painted wall has mounted on it a flat screen television', 'a wall mounted flat screen tv with television show on', 'a television with a trunk sitting underneath it and some other stuff']"
26639,VizWiz_val_00003208.jpg,a bottle of vitamin c crystals is shown,"['a plastic container of marshalls sea salt on a counter top', 'i see a bottle of sea salt that is on the table', 'sea salt is in the bottle on the table', 'a container of salt with a red and yellow label', ""a package of sea salt from marshall's spices""]"
23955,VizWiz_val_00000524.jpg,a computer screen with a blue background and white text on it,"['the back of a small blue and white paper box', 'here is a picture of a box in some hands', 'a person is holding a light blue box', 'someone is holding a bottle of cologne or perfume in hand', 'a hand holding a blue piece of paper']"
28420,VizWiz_val_00004989.jpg,a white piece of paper with black text on it,"['light beige colored curtains and a white ceiling in a living room', 'a picture of an off white curtain and a white ceiling', 'white curtains hanging on a window in a room', 'a tan curtain extending up towards a white ceiling with crown molding', 'a beige colored wall with a matching thin curtain hanging on a wooden rod']"
26952,VizWiz_val_00003521.jpg,a person wearing a blue shirt with a white collar,"['various fabrics and linens that are gray and red', 'a red scarf with fringe and sequence on top of a green sheet', 'two pieces of fabric next to each other one is green and the other is red and dots']"
29134,VizWiz_val_00005703.jpg,a bottle of lotion is on top of a table,"['a green and white can sitting on a white and blue floral sheet', 'a can of black bean soup is on a white fabric', 'a green can of soup resting on some linen fabric', 'an unopened can of black bean soup lying on a sheet', 'a can of black beans laying on a bed with a white and blue flowered sheet']"
30091,VizWiz_val_00006660.jpg,a living room with a white door and a window,"['a section of a room with different object around', 'a vase of flowers is on top of the table', 'table with books and colorful flowers inside of vase']"
24756,VizWiz_val_00001325.jpg,a can of food is on top of a table,"['a package of a dozen savoiardi de savoie biscuits', 'a plastic bag is on a counter and has biscuits in it', 'a package of cookies in a partially see through package', 'a package of cookies that have the words in spanish words', 'a package of cookies are sitting on a hard surface']"
28681,VizWiz_val_00005250.jpg,a picture of a building with a building in the background,"['a lawn of grass soaks in the sunshine on a nice summer day', 'a brick fronted house is sitting on a lush green lawn', 'the grass and trees are extremely green and fresh', 'a brick house with two large trees one behind the house the other to the right of the house', 'a yard has some green trees in it']"
24696,VizWiz_val_00001265.jpg,a person is holding a cell phone in their lap,"['a hand that is holding a blue mobile phone', 'a person holds up a smartphone in their palm', 'a blue mobile phone is being held out over a computer desk', 'a sprint cell phone older style like a blackberry', 'a hand holding an old cell phone with tiny buttons']"
24341,VizWiz_val_00000910.jpg,a computer screen with a web page pulled up,"['a computer screen is open and has a document open on it', 'a computer screen is turned on with a page open', 'a computer monitor with a page up with lots of small print', 'a laptops computer screen is shown with a text on it', ""a close up of a person's laptop screen that's reading a book""]"
30680,VizWiz_val_00007249.jpg,a close up of a computer screen with a message,"['a set of letter in bold red on a white flat surface', 'large brown wording on a white paper background', 'red letters of a foreign language on a mostly white background showing part of the words close up', 'a white surface contains red printed text and a partial geometric figure']"
23820,VizWiz_val_00000389.jpg,a tv is on top of a tv stand,"['a home theater with a message displaying an emergency message from the national weather service in a room with white tile flooring', 'a tv with an emergency message of a thunderstorm warning', 'a tv displaying a warning about severe thunderstorms from the national weather service', 'television with a emergency alert system warning on it warning of severe thunderstorms']"
29777,VizWiz_val_00006346.jpg,a person is holding up a bottle of lotion,"[""someone's hand holding an object that is too blurry to id in a car"", 'a person wearing a white shirt holding money', 'it looks like a person who is sitting in the back seat of car and displaying money', 'inside a car a person is holding cash in his hand']"
24185,VizWiz_val_00000754.jpg,a computer screen with an error message,"['a computer monitor with an itunes screen displaying', 'options to burn a cd or dvd through itunes on a computer desktop', 'a computer screen showing a pop up for itunes stating that a blank disc has been inserted', 'a computer screen with an itunes page up with a list of music with a box in front of it', 'a computer screen displaying itunes message regarding a cd']"
27544,VizWiz_val_00004113.jpg,a box of coffee is on top of a table,"['a red box of some type of food product has a printed factory label on the top lid', 'the top of a box holding food shows the expiration date', 'a box of food has the expiry date', 'a person wearing jeans is looking at an orange object', 'a person wearing jeans holding an orange box near the camera']"
27679,VizWiz_val_00004248.jpg,a person is holding up a bottle of medicine,"['a jar of peanut butter looks like it is peter pan brand', 'hands holding a jar with a red label and a yellow lid', 'jars of peanut butter like the one being held here are plastic and will not break', 'a pair of hands cradling a jar of brown spread', 'a partially eaten jar of conagra foods peanut butter showing the contact information for the company']"
24576,VizWiz_val_00001145.jpg,a computer screen with a black screen and a blue screen,"[""computer screen monitor that's on a wooden desk"", 'a computer monitor that is turned on with a window open in a computer stand', 'a dell desktop computer with speaker keyboard and monitor', 'an illuminated computer monitor sitting above a keyboard', 'some sort of old crt monitor that is currently turned on']"
25249,VizWiz_val_00001818.jpg,a package of food is on top of a table,"['a packet of gevalia coffee sitting on a table', 'a single serve packet of gevalia coffee rests on a wooden surface', 'black package of tassimo coffee grounds with white coffee cup on front', 'a brown and black package of coffee sitting on a wooden surface', 'pictured is part of a bag of coffee']"
26450,VizWiz_val_00003019.jpg,a bottle of wine is on top of a table,"['a bottle of silver oak 2003 cabernet sauvignon', 'a bottle of wine with a black and silver label on top of a box', 'a photo of a silver oak sitting on a cardboard box', 'a wine bottle labeled silver oak 2003 sitting on a shipping box', 'a 2003 bottle of cabernet sauvignon by silver oak']"
26763,VizWiz_val_00003332.jpg,a can of food is on top of a wooden table,"['a box of chicken broth on a table', 'a container of chicken broth is on top of a wooden surface the brand and text description is on the box', 'a container of natural goodness chicken broth with less sodium', 'a package of chicken broth with low sodium', 'a box of chicken broth on a wooden surface']"
28309,VizWiz_val_00004878.jpg,a white paper with black text on it,"['a bag of organic dandelion is in a gray bag', 'a paper label of organic dandelion the spice cellar', 'a package of organic dandelion tea is on a fabric surface', 'package of organic dandelion brand tea with brewing instructions', 'a white label on a shiny silver package for tea and the label has black letting and describes the tea and how to prepare it']"
30989,VizWiz_val_00007558.jpg,a person is holding up a bottle of lotion,"['a sideways picture of a green food container that has peaches on it and nutrition information written on the back of it', 'a tin can package of peach slices in juice', 'a blue can of peaches sitting on a kitchen counter', 'a plastic bottle with peace juice inside and peaches on the bottle']"
27006,VizWiz_val_00003575.jpg,the back of a box of food showing the nutritional information,"['this looks like a package that contains hot pockets', 'an advertisement touting nutritional value for hot pocket frozen sandwiches', 'the back of a box of hot pockets', 'a box of hot pockets with an image of cheese and vegetables on the box', 'a portion of a hot pockets label is shown describing the great taste essential vitamins and other attributes for the hot pockets brand']"
28318,VizWiz_val_00004887.jpg,a white piece of paper with black text on it,"[""a white page has centered the words the statement game as if it's a page of instructions"", 'a white piece of paper showing the words the statement game', 'a computer screen is displaying a window with a message', 'a paper has writing on that mentions a statement', 'a white piece of paper with black letters that say the statement game']"
29699,VizWiz_val_00006268.jpg,the front of a book that is on the table,"['i see some cheese balls on the table', 'a large plastic barrel of utz brand cheese balls', 'a container labeled utz cheese balls appears to have different items in it', 'a big plastic container showing the background of carpet and tile']"
25611,VizWiz_val_00002180.jpg,a person wearing a blue shirt with a white collar,"['a pile of clothes on top of a bed', 'clothing is piled on a bed including a blue item of clothing on top of a purple item of clothing that is leaning off the', 'blankets and a few pieces of clothing are on a bed with a window with curtains in the background of a pink room', 'a bed with a blue blanket and purple clothing on top of it', 'a large blanket bundled up on top of a bed']"
27930,VizWiz_val_00004499.jpg,a close up of a computer screen with a blue screen,"['a shiny surface with the logo samsung on it', 'fingerprint smudged samsung logo on a shiny black surface', 'a samsung electronic device with the focus being the logo', 'samsung laptop sitting on top of a blue sheet']"
28120,VizWiz_val_00004689.jpg,a can of food is on top of a table,"['the side directions label portion of a can of mixed vegetables', 'a can of mix vegetables on a tile ground', 'a yellow cylindrical tin with preparation instructions on it', 'the side of a can of peas and carrots with instructions', 'a can of peas is on top of a table']"
29681,VizWiz_val_00006250.jpg,a person wearing a red shirt with a red collar,"['i read stuffed animal with large bulging eyes coming out the top of its head', 'close up of a red furry stuffed animal with big eyes and an orange nose', 'an up close image of what appears to be a stuffed toy of the elmo character from sesame street', 'top view of a tickle me elmo foot slippers', 'a soft plush elmo doll that is fuzzy red with an orange nose and buggy eyes']"
25477,VizWiz_val_00002046.jpg,a person is holding a bottle of medicine,"['a hand holding a black box of american spirit cigarettes', 'an open black colored package of american spirit cigarettes', 'a black pack of cigarettes with a cartoon of a native american smoking a pipe in red and white', 'a hand holding a pack of cigarettes while in a bedroom']"
31173,VizWiz_val_00007742.jpg,a person is holding up a bottle of lotion,"['a collection of songs in a single cd has a front cover of lady wore a red dress', 'a cd of a taylor swift album sitting on a couch', 'a cd case with the cd speak how and a woman in a red dress on the cover', 'a red and white taylor swift speak now music cd next to a black remote', 'a red and white taylor swift cd with a black background']"
25628,VizWiz_val_00002197.jpg,a person wearing a black shoe with a black shoe,"['a brown piece of furniture set against a light tan sheet and a white cord', 'a black casing has at least two pieces and a white cord at the bottom of the screen']"
24613,VizWiz_val_00001182.jpg,a package of food is on top of a table,"['a bag of sweet potato chips that says food should taste good', 'a white bag of sweet potato chips laying on the couch', 'a bag of food that should taste good sweet potato', 'a bag of sweet potato tortilla chips from the brand food should taste good', 'a bag of sweet potato chips with the log that reads food should taste good']"
27257,VizWiz_val_00003826.jpg,a can of food is on top of a table,"['a brown can of mixed fruit laying on it side on top of a kitchen counter', 'a tin can of some sort of fruit mix food', 'a picture of the food is on the packaging', 'a can of mixed fruit sitting on its side near a kitchen sink', 'an unopened can of mixed fruit on a countertop']"
28811,VizWiz_val_00005380.jpg,a white piece of paper with black font lettering on it,"['a brown curtain with a vertical striped pattern', 'light tan curtains or drapes that are bunched up', 'a set of floor to ceiling striped curtains', 'the curtains are a light tan in color and have a vertical striped pattern']"
30880,VizWiz_val_00007449.jpg,a black laptop computer with a black screen on top of it,"['a handheld device which is charging with a black screen', 'a smartphone turned off charging on a wood table', 'an iphone with a bookshelf face is sitting on a wood table', 'an iphone with a book themed case sits on a wooden table next to other electronics', 'a cell phone with a black screen and a case on it']"
26733,VizWiz_val_00003302.jpg,a package of food is on top of a table,"['here there is a blue and white rag metal grooved surface which has a food packet on top of it that says international cuisine malaysian', 'a tv dinner is right on top of the mesh table', 'shiny metal container with box in front of in international cuisine', 'a picture of a international cuisine dinner box', 'a international tv dinner setting on metal item']"
27592,VizWiz_val_00004161.jpg,the back of a ten dollar bill laying on a wooden table,"['the back of a single american dollar bill', 'an american one dollar bill with a pyramid and one written on the back', 'the back of a us one dollar bill on a wooden table', 'a one dollar bill on a wood table next to a hand', 'in this image is the back of a 1 dollar bill']"
28921,VizWiz_val_00005490.jpg,a person is holding a can of food,"['someone is holding a white bottle of food seasoning above a black countertop', 'someone holding a green and white food package', 'seasoning bottle with onions and sour cream image is held in hand', 'white plastic bottle with a label that has vegetables and dip on front of bottle', 'a can of some kind of seasoning in a cylindrical container']"
25193,VizWiz_val_00001762.jpg,a close up of a white piece of fabric,"['close up of a couch or some type of fabric that is gray with a square pattern in it', 'a tan fabric surface with a square textured pattern', 'some sort of lined fabric that is very mesh', 'a picture of a white or cream colored blanket and the blanket has a small square texture throughout the blanket']"
26051,VizWiz_val_00002620.jpg,a close up of a computer screen with a blue screen,"['an acer branded flat screen monitor at a desk behind a black keyboard', 'i see an acer computer screen that is turned off and the keyboard area is in it too', 'acer laptop that you can only see a little bit of the keyboard and screen', 'an acer brand computer being hit by a light bulb in its screen', 'middle of a laptop above the keyboard but below the screen']"
29454,VizWiz_val_00006023.jpg,a package of food is on top of a table,"['a clear refrigerator pack of cheese tomato and basil tortellini for two described on the package as italian egg pasta parcels filled with ricotta mature', 'a package of cheese tomato and basil tortellini', 'a clear plastic cooking package shows the ingredients and serving size', 'a package of tortellini with cheese tomato and basil', 'a wrapped package with cheese tomato and basil tortellini']"
30811,VizWiz_val_00007380.jpg,a bottle of wine is on top of a table,"['a package of medicated vaporizing steam liquid from reli on', 'looks like a bottle of medicated liquid used to be put into a device to help loosen phlegm when one is congested', 'a blue color label bottle with medicated vaporizing steam liquid', 'a bottle of medicated vaporizing steam liquid is shown']"
28170,VizWiz_val_00004739.jpg,a red and white label with a picture of a man on it,"['a nasa sticker that is blue and red but upside down in the image', 'small nasa sticker on a light wood surface', 'a nasa sticker that is on a wooden desk', 'a nasa logo sticker rests on a wooden surface', 'a nasa sticker decal laying on a wood surface']"
25180,VizWiz_val_00001749.jpg,a close up of a white piece of fabric,['some sort of container sitting on a dark counter top or surface']
23977,VizWiz_val_00000546.jpg,a computer screen with a blue screen and white text,"['a computer monitor showing a web page with a service unavailable message', 'a computer monitor with internet explorer open on it', 'a computer monitor has its screen on next to a keyboard', 'a computer screen showing a website that is unavailable', ""a computer monitor displaying 'service unavailable' when trying to access a website""]"
25652,VizWiz_val_00002221.jpg,the front cover of a book about <unk> <unk>,"[""a fine fine school children's book by sharon creech"", ""a children's book that has the image of a girl holding a bag on the cover"", 'a book that is on top of a brownish rug', 'articles for sharon creech by released on the new york times', ""a children white children's book titled a fine fine school""]"
26778,VizWiz_val_00003347.jpg,a person is holding up a piece of paper,"['a barefoot belonging to a male is shown on the edge of a bare mattress', 'a human foot on the edge of a mattress which is sitting on a wooden floor', 'an image of a foot on the floor', ""someone's dirty foot that is on a couch"", 'a person is displaying a foot on the edge of a bed']"
26058,VizWiz_val_00002627.jpg,a can of food is on top of a wooden table,"['2 food container sitting on a lightly stained wooden surface', 'a table with a bag of flour on one side and a bag of sugar on the other', 'front package of granulated sugar sitting on a table with a package of plain flour', 'an opened bag of flour and sugar on a table']"
30203,VizWiz_val_00006772.jpg,a picture of a wall mounted on a wall,"['a container on a wall that has slots for papers', 'a brown bag for keeping documents and books', 'magazine rack mounted on a wall and holding newspaper or magazine', 'a magazine holder is hanging on the wall']"
23697,VizWiz_val_00000266.jpg,a sheet of paper with black text on it,"['a white page with black writing all over it', 'a piece of paper with school homework questions with various rating']"
30346,VizWiz_val_00006915.jpg,a can of tomato paste is on top of a counter,"['herdez red enchilada sauce laying on the countertop', ""a canned enchilada sauce lays on it's side on a paper towel"", 'a can of red chili enchilada sauce is on a fabric surface', 'one can of medium heat herdez red chili enchilada sauce', 'a can of herdez enchilada sauce laying on a counter']"
25329,VizWiz_val_00001898.jpg,a computer screen with a pop up window on it,"['computer screen with a blue light and data in a window', 'a computer screen has a window open to restore the computer', 'a pop up internet box on a blue laptop screen', 'a windows pc has a restoration prompt open on the screen', 'on a computer monitor is a message to restore system']"
23893,VizWiz_val_00000462.jpg,a computer screen with a pop up window on it,"['a laptop computer screen displaying information for the vaio recovery center', 'windows screen showing a recovery center dialog box', 'a white color background screen of a laptop computer device', 'a computer screen that is on a page that says vaio recovery center', 'a computer window with white background and black letters and vaio recovery center']"
29950,VizWiz_val_00006519.jpg,a cartoon character with a cartoon character on it,"['a mr potato head on a yellow matt in front of a keyboard', ""a mr potato head children's toy on a desk"", 'a mr potato head doll standing on a yellow mouse pad', 'a mr potato head with all the parts connected', 'a mr potato head toy on top of a table']"
29886,VizWiz_val_00006455.jpg,a wooden cabinet with a wooden door and a window,"['a snow covered median is directly in front of store front windows on a city street', 'snow covered street and ground near a bus stop', 'a picture taken from inside a vehicle with snow on the outside', ""it's nighttime and mounds of snow are piled outside of a vehicle window"", 'a storefront at night with a covering of snow outside']"
30523,VizWiz_val_00007092.jpg,a close up of a computer screen with a blue background,"['a hand holding a smartphone with a blue edged case sitting in a living room', 'person holding a cell phone in a black and blue case', 'a black phone with blue trim being held by a hand']"
26133,VizWiz_val_00002702.jpg,a close up of a computer screen with a white background,"[""a black screen with four buttons on it's frame"", 'some sort of black object with buttons on it']"
29170,VizWiz_val_00005739.jpg,a picture of a book with a cartoon character on it,"['a sticker with the word astrology on it and some other paintings', 'an astrology book with a colorful design on the cover', 'a poster or sign that displays the zodiac and their elements', 'a white t shirt has astrology on it and a circle with symbols', 'some sort of game that is on a poster board that is white']"
25252,VizWiz_val_00001821.jpg,a person is holding up a can of food,"['appears to be a picture of a jar of spices', 'a small container with some words like red pepper and a man was holding that', 'a red bottle of spice is being held up', 'a red plastic bottle of spice with a red top', 'plastic container for ground red pepper with red cap and red label with white lettering']"
28082,VizWiz_val_00004651.jpg,a screenshot of a computer screen with an error message,"['the right side of the top menu bar on a mac computer', 'a closeup of the top of a computer screen showing the time and date as sunday and 7 42 pm', 'the bottom of a laptop screen showing 96 battery percentage', '7 42pm the time of a day on a computer monitor', ""a view of someone's cell phone and online browser""]"
29201,VizWiz_val_00005770.jpg,a wrist watch is on top of a wooden table,"['appears to be a picture of a watch', ""a close up of a watch on someone's wrist"", 'a person wearing a silver watch with a blue face outer rings with number 10 through 60 and one the hands is orange', 'the face of an analog stainless steel watch', 'a wrist watch has many different dials and functions']"
28786,VizWiz_val_00005355.jpg,a person is holding up a can of food,"['white plastic bottle containing a hair or body wash', 'a white tube with orange and black lettering sitting on a wood table', 'a white bottle stands on a counter in the kitchen', 'a container of some sorts sitting on a table with other things in the background', 'a clear white bottle next to a black jacket']"
25672,VizWiz_val_00002241.jpg,a package of food is on top of a table,"['a bag of frozen cut broccoli on a counter top', ""a bag of roundy's brand steam n' serve cut broccoli"", 'a plastic bag of frozen broccoli pieces is laying on a tile table', 'a frozen bag of blue broccoli is on the floor there are text instructions on the bag', 'a bag of cut frozen broccoli ready to heat in the microwave']"
26595,VizWiz_val_00003164.jpg,a close up of a computer screen with a blue screen,"['a blank ninety minute blank tape on a gray surface', 'a bright red vhs tape with a blue label with text 06', 'a red cassette tape with a blue and white striped label is laying on a gray surface', ""a cassette tape that's orange and blue with numbers on it"", 'a red plastic audio tape cartridge could hold ninety minutes of recording']"
27286,VizWiz_val_00003855.jpg,a white piece of paper with black text on it,"['a black 8 of clubs playing card next to an open deck box', 'a eight of spades playing card on a black surface', 'the number eight from a deck of playing cards', 'a white and black playing card placed on a table', 'a playing card of 8 keep in the table']"
24784,VizWiz_val_00001353.jpg,a close up of a white piece of fabric,"['a section of silver fabric with horizontal silver stripes', 'a gray fabric with some black hairs on it', 'silver strips decorate a cloth that is light gray', 'pictured is a light grey fabric that has stains']"
25461,VizWiz_val_00002030.jpg,a close up of a red t shirt with white buttons,"['a fabric has white and red stripes on it', 'an image of someone that is made up of red and white stripes', 'a t shirt with red and white stripes on it', 'some sort of material with red and white stripes on it']"
29550,VizWiz_val_00006119.jpg,a close up of a picture of a person's hand,['a very zoomed in image of something with the letters far in the bottom right']
27885,VizWiz_val_00004454.jpg,a box of special lasagna is on top of a wooden table,"['i see three bottles of pepper on a table', 'two box of ground thyme and a basil leaves', '3 box of spices different the same brand on a kitchen table set symmetrically', 'three 1 oz spice tins ground thyme basil leaves and ground turmeric', 'a red container of thyme on a wooden counter']"
24849,VizWiz_val_00001418.jpg,a screenshot of a captcha on a computer screen,"['a phone screen has a captcha on it and a time on the top', 'captcha question with submit button on a display of a smartphone', 'a screenshot of a shopping website offering personalized gifts', 'screenshot of webpage logo with personalized gifts for holiday advertised in a red banner plus a case sensitive captcha with letters and a number a', 'a phone screen with downcast written on it']"
28744,VizWiz_val_00005313.jpg,a page from a book about <unk> and <unk>,"['the inside of a book with roman numerals in the middle of the page', 'a book with white pages and black text is opened up to a middle page of the book', 'a white page from a book contains text including roman numerals', 'a page from a book is on a wood surface', 'inside page of a book describing acquisition of language in regards to color']"
28526,VizWiz_val_00005095.jpg,i see a can of diet coke sitting on a wooden table,"['a green plastic cup of coffee labelled pura vida', 'a small insulated one time use cup typically for coffee or tea with a black lid from pura vida', 'a green to go coffee cup with a black lid', 'a green disposable coffee cup with a black lid and a sleeve that says pura vida', 'a paper cup with a black plastic lid and a brown heat sleeve with the words pura vida written on it']"
24019,VizWiz_val_00000588.jpg,a view of a car parked in a parking lot,"['computer screen with a satellite image map on it', 'a computer screen that has an aerial map view on the screen', 'a computer screen showing an aerial view of a town', 'part of computer screen showing google earth image', 'a laptop with an aerial view of a city area with houses and maybe a school type area in the middle of everything']"
28857,VizWiz_val_00005426.jpg,a person is wearing a black shoe with a white collar,"['a person sitting in front of a desk places their sandal wearing foot on the ground', 'person wearing sandals sitting on a couch in front of a wooden desk', 'the grey carpet under a wooden table and under of someone leg', ""a woman's knee and her foot in a open toe shoe"", 'a foot with gold painted toenails and beige sandals on a carpet']"
29161,VizWiz_val_00005730.jpg,a person wearing a blue shirt with a white collar,"['a person in blue pants lying in a bed crossing their legs', 'a man wearing jeans and a green shirt completely laid down on a bed', ""a person's legs laying on a bed with a painting of a child on the wall"", 'a legs wearing on the bed with blue pants']"
29316,VizWiz_val_00005885.jpg,a white piece of paper with black font lettering on it,"['a pink pencil is on a floor with faded white paint', 'an un sharpened red pencil on a dirty floor', 'a red unsharpened pencil with an erasure sitting on a dirty table', 'a red metallic unsharpened pencil laying on a grey surface', 'pictured is a red unsharpened pencil on what looks to be a concrete background']"
25646,VizWiz_val_00002215.jpg,a can of food is on top of a table,"['a tin can of food has a recipe listed on the labeling', 'a can of chicken quesadillas soup is on the counter', 'a can of campbells cheese soup showing the back table with a recipe for chicken quesadillas', ""a can of campbell's chicken quesadilla soup with the instructions in view"", ""a can of campbell's soup lay on its side with a recipe for chicken quesadillas on the label""]"
29046,VizWiz_val_00005615.jpg,a room with a white door and a window in the background,"['a centerpiece with a white candle and a white sock sitting on a glass table', 'a flower centerpiece on a table with a sock', 'a picture of a candle holder on a coffee table and a sock', 'pictured is a white sock on a coffee table that has a candle centerpiece near it', 'a white towel laying in front of a candle with greenery around it']"
25167,VizWiz_val_00001736.jpg,a bottle of lotion is on top of a table,"['a bottle of alando brand sunscreen spray 20', 'a yellow bottle of sun screen by alando', 'a yellow bottle sunscreen with indents to grip it on a counter', 'a bottle of sunblock is on the counter', 'a gold bottle of sonnen spray by alando and the number 20 on it']"
26394,VizWiz_val_00002963.jpg,a white piece of paper with black font lettering on it,"['a pillow inside of a john deere pillow case', 'photo is of a john deere label on a white device', 'a john deere tee shirt that is white and has the john deere logo on it', 'the bag is white and has the yellow and green john deere logo on it']"
26519,VizWiz_val_00003088.jpg,the back of a bottle of vitamin c crystals,"['a white bottle with red label of tylenol', 'a bottle of tylenol pain reliever near the edge of a white table', 'a plastic bottle of pain reliever laying on a white table', 'red and white bottle extra strength tylenol good body pain', 'pictured is a bottle of tylenol laying on its side']"
24778,VizWiz_val_00001347.jpg,a person is wearing a blue shirt with white text on it,"['a yellow fabric with blue stars and design is laid out flat', 'part of a piece of fabric that has a blue star and a blue crescent', 'a star shape printed logo on a material', 'a black star and crest on a yellow background']"
26474,VizWiz_val_00003043.jpg,a close up of a white piece of fabric,['a white fabric with blue striping and flowers on top of a pink fabric']
30449,VizWiz_val_00007018.jpg,a person is wearing a blue shirt with white buttons,"['a white piece of fabric with long vertical stripes of dark and light blue', 'a slight folded various colored striped duvet fills the image', 'a pink comforter with blue white and grey stripes']"
28750,VizWiz_val_00005319.jpg,a magazine cover of a magazine with a newspaper on the cover,"['front cover of tv guide showing some celebrities on the front', 'a tv guide magazine is on a tiled countertop', 'tv guide program schedule highlighting television actors that include luke perry as the featured star', 'matthew perry on the cover of tv guide resting on top of brown tiles', 'an issue of tv guide with some celebrities on the cover']"
27213,VizWiz_val_00003782.jpg,a package of frozen dinner is on top of a table,"['packaging for a frozen dinner meal on a kitchen table', 'front view of a box containing a chicken tikka masala dinner', 'a box of chicken tikka masala lying on a table or counter', ""brown cardboard box of frozen indian food of chicken tikka masala that is trader joe's brand on top of a beige brown and black table"", 'a frozen dinner on the kitchen counter shows a colorful photo of the chicken and rice inside from above']"
25742,VizWiz_val_00002311.jpg,a white piece of paper with writing on it,"['20 written in green with letter to the top left of it and small red marks close left to it', 'number twenty is printed on the image in upside manner', 'corner of a note that is amount of 20 on a counter', 'foreign currency that has a green number 20 on the bill', 'the corner of a 20 dollar bill on a carpet']"
26600,VizWiz_val_00003169.jpg,the back of a package of food is on top of a table,"['the back of a purple bag of organic mulberries', 'a purple plastic package of organic mulberries is shown in a store setting', 'ingredient list for organic mulberries which are in a purple bag', 'a purple bag of organic berries with nutrition information', 'multiple bags of food each one a different color and the one in the foreground purple and labeled organic mulberries']"
24268,VizWiz_val_00000837.jpg,a computer screen with an error message on it,"['a computer monitor displaying a desktop and open windows', 'half of a computer monitor running an old version of windows with two open windows and a very cluttered desktop', 'half of a laptop monitor with an open windows page on it', 'the finish button is on the bottom second to the left on the pop up screen']"
30727,VizWiz_val_00007296.jpg,a bottle of wine is sitting on a wooden table,"['clear glass bottle with red cornish orchards whiskey inside', 'a bottle of cornish orchards wassail fruit punch', 'a clear glass bottle with a red label that says cornish orchards wassail and a red label covering the cap', 'a bottle of punch is sitting on a kitchen counter', 'a bottle of fruit punch on a kitchen counter with a electric kettle behind it']"
25360,VizWiz_val_00001929.jpg,a can of food is on top of a table,"['a bottle of ocean spray cranberry juice on a counter', 'a bottle of ocean spray brand juice type of juice uncertain', 'a bottle of juice resting on a light colored counter']"
30629,VizWiz_val_00007198.jpg,a bottle of purell hand sanitizer sitting on a wooden table,"['a picture of a bottle of kikkoman teriyaki marinade and sauce', 'a bottle of kikkoman teriyaki sauce is on a paper towel', 'a bottle of kikkoman teriyaki sauce sitting on top of a white paper towel', 'twenty four fluid ounce bottle of kikkoman teriyaki sauce', 'a black bottle of teriyaki on top of a white paper napkin']"
24089,VizWiz_val_00000658.jpg,a computer screen with a blue background and white text on it,"['computer monitor with a application open and a wall in the background', 'a white computer monitor with a webpage open on the screen', 'square hard circular white crystal wall beige computer', 'a computer screen showing the box for entering a captcha', 'an old and white monitor with a website page next to a keychain']"
25839,VizWiz_val_00002408.jpg,a person is wearing a shirt with blue and white polka dots,"['a plaid shirt that is green and blue and white', 'a plaid dress shirt with small squares of green red blue and white', 'a plaid cloth that is possibly a button up shirt', 'a green blue red and white plaid shirt']"
29926,VizWiz_val_00006495.jpg,a close up of a computer screen with a blue background,['a bright light blocks out whatever should be in the image']
25319,VizWiz_val_00001888.jpg,a can of food is on top of a table,"['a clear glass jar of red tomato pasta sauce', 'a jar of pasta sauce with a reflective screen background showing a person taking a photo', 'a jar with red liquid in it sits on a dark counter', 'an unopened glass jar of tomato sauce with a yellow label and black top']"
28970,VizWiz_val_00005539.jpg,a box of food is on top of a table,"['a frozen macaroni and cheese meal in a green box with the food on the front', 'bottom corner of a box of frozen macaroni and cheese is shown the noodles are pictured on a white plate and green background', 'a box of food containing macaroni and cheese', 'a cover for a package of frozen macaroni', 'a picture of the food is on the packaging']"
23810,VizWiz_val_00000379.jpg,a close up of a computer screen with a blue background,['a pc laptop monitor with a flat screen']
24004,VizWiz_val_00000573.jpg,a computer screen with a blue background and white text on it,"['a computer window dialogue that says install mac os x', 'a macbook screen running a mac os x update running on it', 'a computer is turned on with a loading screen', 'a computer is showing a screen with a warning message']"
29338,VizWiz_val_00005907.jpg,a person is holding up a bottle of lotion,"['a tan brindle dog is standing on a wood grained floor in front of a patterned rug with a gold colored object in the foreground', 'the side of a book in a room with a dog', 'an image of the back legs and body of a tan colored dog with other items displayed']"
25024,VizWiz_val_00001593.jpg,a picture of a man wearing a woman wearing a shirt,"['the cover of the dvd set to the final season of the television show kyle xy', ""dvd copy of a tv show that i think is called kyle xy it's the final season"", ""blu ray disc case for television show's third and final season kyle xy"", 'the complete third season of kyle xy on dvd showing the cover and case', 'a dvd cover of the complete third and final season of a show with two men and a woman on the cover']"
28257,VizWiz_val_00004826.jpg,a white piece of paper with black font lettering on it,"['a large white cloth with a fairly large pink stain in the center of it', 'a white cord draped of the edge of a white table']"
26447,VizWiz_val_00003016.jpg,here is a picture of a box of crackers,"['a chex mix bag with red blue and white colors on it', 'a blue red yellow and purple packaged chex mix bag', 'a white and blue bag of chex mix traditional flavor', 'a picture of what appears to be a close up of a bag of chex mix', 'a bag of traditional chex mix can be seen in the picture']"
30685,VizWiz_val_00007254.jpg,the back of a box of food is on top of a table,"['a gray plastic tool has a paper and barcode under it', 'a paper with a barcode under a big plastic object on a table', 'barcode label and words non negotiable underneath some sort of plastic frame', 'a barcode with a red label above it reads non negotiable sits under a plastic framed device all sitting on a wooden colored surface', ""barcode with text underneath reading 70au and above reading 'non negotiable'""]"
30886,VizWiz_val_00007455.jpg,a white piece of paper with black font lettering on it,['black completely fills the entire screen from top to bottom and side to side']
28605,VizWiz_val_00005174.jpg,a bottle of hand sanitizer is on top of a table,"['to empty glass cups on top of a wooden desk', 'two cups of different color placed on a floor', 'two blue plastic cups or blue glasses on a surface', 'two glasses of different shades of blue on a countertop', 'two stacks of glasses one purple and one blue']"
28690,VizWiz_val_00005259.jpg,appears to be a picture of a table,"['black circular objects are in a plastic wrapping on a brown wooden table', 'several green colored hard candies are in a plastic bag on a table', 'a packet of green hard candy is on the table in a bag', 'a clear bag on the table containing green candy']"
30410,VizWiz_val_00006979.jpg,a package of meat is on top of a table,"['a brown sachet of van houten milk chocolate', 'a van houten brand whole hazelnut milk chocolate snack bar', 'a single chocolate bar in a red package with white text sits on a hard wooden surface', 'a chocolate candy bar with containing whole hazelnuts sits on a wood grain table', 'a very sweet whole hazelnuts with product name can houten is show by this image']"
25870,VizWiz_val_00002439.jpg,a close up of a blue and white striped t shirt,"['a specs on the bed it colored brown', 'a pair of black eyeglasses sits on top of a brown white and grey fabric with a floral print', 'black pair of glasses placed on a bed', 'pair of wire rimmed eyeglasses on top of a brownish cloth', 'glasses on bedspread with small used bowl in bottom right corner']"
28040,VizWiz_val_00004609.jpg,a can of food is on top of a table,"['bottle partially filled it has asian symbols on it and oven knobs shown behind', 'a plastic bottle with some chinese text on it', 'a jar with a brown label in a foreign language sitting in front of a white box next to the stove', 'a bottle of some substance with foreign writing on it', 'a bottle with korean writing on it next to a washing machine']"
24081,VizWiz_val_00000650.jpg,a laptop computer screen with a blue screen,"['a black color asus laptop with a blue color screen background', 'a black asus brand laptop with the screen showing a windows symbol on the desktop', 'a black laptop computer is open with the windows logo displayed', 'black laptop with the microsoft logo on a blue background', 'an open laptop computer on a windows screen saver']"
26587,VizWiz_val_00003156.jpg,a person is holding up a bottle of lotion,"[""a half full bottle of ketchup being held in someone's hand"", 'half empty bottle of heinz ketchup held in hand', 'the back of ketchup bottle the bottle is clear plastic with a white label and appears to be about half full', 'the back label of a bottle of heinz brand ketchup', 'a half empty bottle of ketchup held by a white hand in a living room area']"
24465,VizWiz_val_00001034.jpg,a person is holding up a bottle of lotion,"['seems to be a picture of a bookcase with several spiral notebooks in the background', 'a bookshelf has multiple different book s in it', ""i see someone's fingers holding something it's too obstructed""]"
27905,VizWiz_val_00004474.jpg,a black remote control on top of a wooden surface,"['a black and gray radio shack am fm walkie talkie', 'i see a walkie talkie on the table', 'a gray radioshack am fm portable radio on a table cloth', 'the radio is laying on the yellow area on a table', 'a radio is lying on top of a table']"
27262,VizWiz_val_00003831.jpg,a white piece of paper with black text on it,"['a book is open to a page with a paragraph on it', 'a white piece of paper with black letter that are too small to make out', 'a novel that is open and both pages contain a full page of text', 'a white piece of paper with black text on it', 'pictured is either a page from a book magazine or newspaper']"
29554,VizWiz_val_00006123.jpg,a black remote control sitting on a wooden surface,"['or black and gray i get t good to ogle style cellular telephone', 'a hand holding a black and silver at t flip phone', 'a hand is holding a grey flip cell phone', 'a old closed flip phone being held up', 'the small phone has a little antenna and is a flip phone style']"
23790,VizWiz_val_00000359.jpg,a page of a book about <unk> and <unk>,"['menu for a take out restaurant sitting on a table', 'a house favorites ordering menu on a table', 'image shows a menu card on different steaks and pork', 'restaurant menus of house favorite dinner meals of steak and ribs', 'a menu picture that shows a section of house favorites']"
30220,VizWiz_val_00006789.jpg,a close up of a computer keyboard with white letters,"['a close up of black keys on a grey laptop', 'some keys on the keyboard of a laptop', 'a white base plate keyboard with black keys is laid on a desk', 'pictured is an up close view of a keyboard', 'a white keyboard with black american lettering takes up the entire screen']"
25625,VizWiz_val_00002194.jpg,a person is holding up a bottle of lotion,"['silver object with pedals in front of another object with blonde strands on it', 'at one side of the photograph we have a bright images and on the opposite side we have a dark region', 'looks like a purple cloth on the ground', ""a close up of a purple flower in someone's brown hair""]"
28481,VizWiz_val_00005050.jpg,a close up of a computer screen with a blue screen,"['various shades of pink and purple streaked horizontally', 'an object that is purple in color and has some ripples']"
26300,VizWiz_val_00002869.jpg,a person is holding a bottle of lotion,"[""a six of diamonds playing card in a person's hand"", 'the six of diamonds from a deck of playing cards', 'a person is holding a playing card over a beige carpet', ""close up of a six of diamonds playing card in a person's hand"", 'one card with six red diamonds on it']"
30562,VizWiz_val_00007131.jpg,a silver crock pot on top of a stove top,"['a coffee maker with a clock that shows the time 12 18', 'a close up of a silver and black coffee machine with the time set to 12 18 pm', 'silver and black coffeemaker with round led display showing 12 18pm', 'a silver and black coffee maker with a digital time displaying 12 18 pm', 'a photo of a silver and black coffee pot with the time observed to be 12 18 pm']"
26425,VizWiz_val_00002994.jpg,a black electronic device that is turned on,"['part of the front of a treadmill machine with a towel on the handle', 'treadmill control panel with four digital screens the top left reading 3 93 and the bottom right reading 6 33', 'display screens and buttons on a piece of exercise equipment', 'a black and gray treadmill interface system is displaying speed incline time distance and calories burned']"
24233,VizWiz_val_00000802.jpg,a black electronic device is on top of a table,"['here is a picture of the back of a laptop', 'a back view of a black electronic device made in malaysia', 'a black color back of a laptop computer system device', 'it looks like ipad black colored product from malaysia and its serial number is wx11c6277805', 'a laptop cover with black sticker fixed in a bed']"
26599,VizWiz_val_00003168.jpg,a close up of a white piece of fabric,"['a grey piece of fabric with white text on it', 'white words on a grayish background probably a shirt with writing on it']"
24200,VizWiz_val_00000769.jpg,a clear plastic water bottle sitting on a wooden table,"['clear plastic water bottle sitting on a brown table with a blue label', 'a bottle of water sits on a desktop in front of a screen and keyboard', 'a clear water bottle that is almost empty is on the desk near a computer unit', 'a white bottle of eco fina table water', 'a water bottle on a table in front of some computers and keyboard']"
24279,VizWiz_val_00000848.jpg,a computer screen with a black screen and a blue screen,"['a black dell laptop computer is on a table', 'a laptop screen with many songs or documents in a window and it is a dell', 'a black dell laptop open to an itunes screen', 'a laptop computer with a list of files on the screen', 'an open dell laptop computer displaying some type of list']"
26236,VizWiz_val_00002805.jpg,a package of macaroni and cheese is on a table,"['a frozen microwave dinner consisting of herb crusted fish pasta green beans and carrots', 'the top of a box of healthy choice brand ready to cook frozen meal', 'a frozen meal is sitting on a counter', 'a box of herb crusted fish with vegetables', 'a box of frozen herb crusted fish pasta and vegetables']"
29844,VizWiz_val_00006413.jpg,appears to be a picture of a piece of fabric,['a smooth surface with marbled patterns printed on it']
25216,VizWiz_val_00001785.jpg,a piece of fabric with a red stripe on it,"['a person is wearing a pink shirt with a collar', 'a bright pink polo shirt has a neck placket']"
24719,VizWiz_val_00001288.jpg,a person is wearing a red and white shirt,"['a pointer finger with a blister or burn on the finger pad', 'a bed cover obscured by an index finger']"
25741,VizWiz_val_00002310.jpg,the front cover of a book with a woman on it,"[""a cd case is on a person's lap"", 'front label of a cd case titled the time life treasury of bluegrass', ""sealed cd case for 'the time life treasury of bluegrass' by america's music"", 'a cd cover has the image of several men', ""a bluegrass cd that says america's music on the front""]"
26269,VizWiz_val_00002838.jpg,a package of food is on top of a table,"['a black glass bottle of liquor on top of a wooden table', 'a 12 oz can of royal crown brand cola', 'a bottle of royal crown cola is on a table next to a box of push pins', 'i see a can of rc soda on a wooden table', 'a can of rc cola on a desk with thumb tacks nearby']"
26956,VizWiz_val_00003525.jpg,the top of a can of food is on top of a stove top,"['a glass jar of pickled veggies on a stove top', 'a jar of red wet things sitting in a pot or bowl', 'a package of food sitting on top of a stove', 'red peppers in a glass baking dish on a stove top burner', 'a glass jar of pimentos tomatoes or peppers laying on its side on a stove burner']"
29284,VizWiz_val_00005853.jpg,a parking lot of a car with a car parked in the background,"['a white fixture on a brown colored floor', 'a painted brown wood floor near a white wood doorway', 'a brown floor with a white post coming out of it']"
24753,VizWiz_val_00001322.jpg,a white thermostat is on top of a table,"['a close up of a grayscale with blue and orange buttons and a digital face', 'an old scale is right on top of the carpet', 'a pink bathroom scale with an orange sticker on the bottom', 'pictured is a top down view of a weight scale']"
30210,VizWiz_val_00006779.jpg,a person is wearing a red shirt with a white collar,"['a blue and orange and white designed pillow laying against a white wall and a plaid shirt', 'a person wearing white shirt is laying on a green pillow', 'person wearing a white shirt with small blue strips making a square pattern on it leaning against a pillow that is blue white and orange', 'a green pillow has someone in a blue shirt leaning up against it', 'a man in a shirt resting on a pillow']"
29802,VizWiz_val_00006371.jpg,a person is wearing a black t shirt,"[""someone's forearm and exposed hand palm side up revealing something that is yellow in color"", 'a person has their palms out with some food in it', ""a person's arm and hand sitting on a surface"", 'a person is holding two small yellowish objects']"
23486,VizWiz_val_00000055.jpg,the back of a package of food is on top of a table,"['appears to be a picture of a metal label', 'metal tag with information about model bb1 1 serial 3071 written in black ink between two pieces of wood', 'a label is on a wooden surface the label has the product described in text', 'image displays a volt watt with serial and model number', 'a white tag with an address and model number on it']"
30751,VizWiz_val_00007320.jpg,a white electronic device is on top of a table,"['a top of a range oven and a white microwave about it', 'a white appliance sitting on a gray surface in front of a cabinet', 'a white microwave oven door that is closed', 'the stove is under the white microwave']"
30241,VizWiz_val_00006810.jpg,a wrist watch is laying on the lap of a person wearing jeans,"['a person is wearing a chain watch with a black face', 'an arm wearing a large dial black wrist watch', 'a view of an arm and it has a wrist watch on it', 'a wristwatch is worn by a person wear gray', 'a man is wearing a watch on his wrist']"
25743,VizWiz_val_00002312.jpg,a tv is on top of a wooden table,"['a photo of a tv on a stand in the living room', 'a tv stand with tv and couch next to it', 'a flat screen tv sitting on a black entertainment center next to a brown couch', 'picture of a tv console with tv partial chair and sandals on the floor', 'a tv on a stand near a bunch of other stuff']"
28359,VizWiz_val_00004928.jpg,a person is wearing a black and white striped shirt,"['old navy brand sandals and other beach supplies', 'image is too clear and its a slipper', 'a tan sandal with gold straps on a pink and black bag', 'a pair of old navy sandals is on a pink cloth and a dark grey cloth item', 'a light brown old navy sandal on a pink fabric']"
27178,VizWiz_val_00003747.jpg,a person is holding a cd case of a woman,"['a compact disc of the best of the supremes', 'top part of a stars vintage the best of cd', 'a music cd case is sitting on a persons lap', 'a cd package with a woman singing into a microphone on the cover', ""a cd case placed on the top of men's legs""]"
25258,VizWiz_val_00001827.jpg,a close up of a white piece of fabric,"['a white cloth with a shadow on its lower left corner', 'a white fabric that has a slight stain on it in the middle', 'a white fabric either cloth or paper made of very coarse material', 'a white piece of material with a darker brown spot in the corner']"
26930,VizWiz_val_00003499.jpg,a person wearing a black shoe with a black shoe,"['a pair of legs in dark grey pants', ""a photo of someone's left knee clothed in grey corduroy"", 'the legs of a sitting person over a carpeted area', 'legs wearing uncreased grey dress casual fabric pants in a carpeted room', ""someone's knees while sitting in a room with carpet on the floor""]"
27980,VizWiz_val_00004549.jpg,a container of yogurt is on top of a table,"['a clear package of marjoram and thyme pot herbs with a red white and yellow label with a golden crown on the logo', 'a container of spices is half see through', 'a label of spices that says pot herbs on it', 'a red and yellow spice package containing pot herbs which are thyme and marjoram']"
29312,VizWiz_val_00005881.jpg,quality issues are too severe to recognize visual content it's too blurry to recognize visual content,['grainy dark gray surface with nothing on it']
28872,VizWiz_val_00005441.jpg,a clear glass bottle of diet coke sitting on a table,"['a bottle of water on a polka dot pattern sheet', 'water bottle sets on top of a table cloth that has green circled on it', 'a three quarters empty plastic water bottle on a table with a polka dot tablecloth', 'a bottle of water on brown fabric with green polka dots']"
29437,VizWiz_val_00006006.jpg,a person is holding up a pogo stick on a wooden table,"['a desk with various items on top of a large red mat', 'a red folder is on a table along with tape and markers', 'paint tape and other art supplies on a desk', 'a table has many different items on top of it', 'a table top with office supplies in an organizer with some papers in a red folder']"
25079,VizWiz_val_00001648.jpg,a computer screen with a blue background and white text on it,"['a computer screen showing installation window for mac os x', 'a computer monitor is showing a progress bar that is close to halfway done of installing the operating system', 'mac os x installation progress on apple monitor', 'a snapshot of a desktop computer screen', 'mac os x is being installed on a computer']"
28119,VizWiz_val_00004688.jpg,a person is holding up a bottle of lotion,"['a person holding a black box by a wood table', 'a hand holding on to a black remote control', 'a person is holding a small black object on top of a wooden work surface', 'a hand holding a black piece of electronic equipment', 'some sort of hand that is on a charger or black port']"
23651,VizWiz_val_00000220.jpg,a picture of a computer screen with a blue screen,"['appears to be a picture of a computer screen', 'a computer login screen with a blue background', 'i see a partial image of a computer monitor with a blue desktop and a white pop up window', 'a monitor that is used to view stuff on it']"
28467,VizWiz_val_00005036.jpg,a black laptop computer sits on top of a table,"['a black cord sitting on a gray colored desk top', 'the plug in brick end of a cord with two prongs', 'a plug that would go into an outlet from some sort of power cord', 'this a cell phone changer flung two pin holder', 'a grey desk with the wall end of a plug sitting on it']"
27643,VizWiz_val_00004212.jpg,a bottle of lotion is on top of a table,"['a bottle of body lotion laying flat on a material kind of surface', 'a golden bottle of ecossential replenishing body lotion', 'a tube of lotion is laying on a blanket', 'i see a small golden squeeze bottle of essentials body lotion', 'a tube of gold colored body lotion is on a mat']"
25358,VizWiz_val_00001927.jpg,a package of <unk> <unk> <unk> <unk>,"['packaged bowl of betty crocker garlic parmesan pasta', 'a microwave bowl with garlic pasta in a round container', 'a close up of a name brand microwave bowl in a red and yellow package', 'a red packaged material of bowl appetit garlic parmesan pasta', 'a bowl of betty crocker garlic parmesan pasta']"
25244,VizWiz_val_00001813.jpg,a person is wearing a red shirt with a red collar,"['some clothing hanging up and bags of it on the floor', ""a gold black and silver women's blouse is hanging on a hanger with other clothing items""]"
24208,VizWiz_val_00000777.jpg,a computer screen with a blue background and a blue background,"['a laptop with a blue screen and error code on the screen', 'a computer screen showing a windows error stating windows could not parse or process unattend answer file', 'a blue computer screen with a windows error screen', 'laptop screen showing error message for installing windows', 'a computer monitor shows a rectangular box with writing talking about something wrong with windows']"
23679,VizWiz_val_00000248.jpg,the back of a box of food showing the nutrition facts,"['a seagate hard drive made in china 160 gb', 'a close up picture of the inside of the battery of a laptop computer', 'a safegate machine has a sticker on the back with specifications', 'appears to be a silver part from a computer with black writing on it possibly a hard drive', 'a desktop computer hard drive by the brand seagate with 160gb of memory']"
23695,VizWiz_val_00000264.jpg,the back of a box of food showing the nutrition facts,"['a close up picture of a white book showing the back', 'a shower curtain box laying on some tan material that may be the shower curtain itself', 'a white box containing a shower curtain on a beige colored cloth', 'pictured is what appears to be a royal international shower curtain in its box', 'a white box of shower curtains from the company royal']"
26950,VizWiz_val_00003519.jpg,a close up of a grey t shirt with white text on it,"['a gray piece of material sitting on some sort of object', 'photo is a detailed view of grey fabric']"
28370,VizWiz_val_00004939.jpg,the back of a bottle of skin care product,"['a beauty product on a table in front of a clock', 'a bottle of white dish soap with the back label showing', 'the back of a white bottle that is on a white and yellow counter too', 'a product bottle of some sort facing backwards and sitting on a counter with a clock']"
24151,VizWiz_val_00000720.jpg,a close up of a computer screen with a blue background,"['a picture of someone yard that has cars parked in the road', 'an outdoor scene showing several cars parked on a street next to a house', 'a street view with two dark vehicles sitting in the street across a lawn', 'street block with cars parked in front of house']"
27983,VizWiz_val_00004552.jpg,a white plastic bottle with a white label on it,"['white colored shoelaces with a paper wrapping with text on it', 'a roll of white rope with the paper packaging information still attached', 'the laces to a shoe that is bundled together in a packaging around the middle', 'a bound length of white cordage likely a shoelace', 'a piece of rope or possibly shoe laces wrapped in paper sitting on a wood table']"
30943,VizWiz_val_00007512.jpg,a person wearing a blue shirt with white buttons,"['a wrinkled grey polo shirt with stripes is on the back of a couch', 'a grey cloth sheet with white stripes draped on an unknown object', ""an article of clothing that's grey with thin white stripes"", 'a gray sweater with thin white stripes that run horizontally']"
29646,VizWiz_val_00006215.jpg,a person is holding up a bottle of lotion,"[""an extreme close up of a package label show someone's right hand holding what appears to be a chip covered with salsa"", 'a kind of item is being held by the hand while something is below it']"
29101,VizWiz_val_00005670.jpg,i see a white toaster on a stove top,"['door consist of golden color lock with golden screw', 'a gold metal locking doorknob on a white painted door', 'a locked bronze colored door knob on a white door', 'a golden door knob that is attached to a door', 'a brass doorknob is attached to a white door']"
24281,VizWiz_val_00000850.jpg,a computer screen with a blue background and white text,"['image was clear but it is half of the system', 'black hp laptop screen showing the icons available', 'a computer screen close up on a black hp monitor', 'pictured is the right side of a computer screen']"
29612,VizWiz_val_00006181.jpg,appears to be a picture of a computer screen,"['dark room with a bright light a lot of objects on the floor', ""a view of someone's very messy room with cables all over""]"
24586,VizWiz_val_00001155.jpg,a piece of paper with black font lettering on it,"['a white rectangular object has a yellow sticker or label affixed to it', 'an image of out of focus black text on white with some of the text highlighted in yellow', 'a white label with black lettering and yellow highlighting', 'a white sheet of paper with text written on it']"
25281,VizWiz_val_00001850.jpg,a close up of a white piece of fabric,"['white backdrop with white container on the bottom right side', 'a orange pill bottle with a white cap is held', 'the white lid of a prescription bottle of pills']"
25463,VizWiz_val_00002032.jpg,a person is holding a silver watch in their lap,"['a man has taken a photo of the watch on his wrist the brand is replay torpedo', ""a replay watch sits on a dark skinned man's wrist"", ""a luxury watch that is resting on a man's wrist"", ""a man's silver replay watch with a white analog face and black hands on his wrist"", 'a closeup of a replay watch with black hands and a steel strap']"
25718,VizWiz_val_00002287.jpg,a bottle of hand sanitizer sitting on a table,"['a renuzit aroma raspberry room gel freshener on a table surface', 'smells can be covered up with this aroma sprayer', 'a opened container of raspberry renuzit air freshener is on a counter top', 'an open container of raspberry renuzit odor freshener', 'a tall and skinny air freshener sitting atop a grey surface']"
29653,VizWiz_val_00006222.jpg,the back of a can of food is on top of a table,"['the ingredients section can be seen on the back of a can of product', 'someone is holding a gadget for acne treatment', 'the top of a product for treatment of skin acne', 'back side of the top of a bottle of acne treatment', 'a person is holding a bottle of medicine']"
23638,VizWiz_val_00000207.jpg,a computer screen with a pop up window on it,"['a computer screen showing a browser window with various product options', 'an open laptop is on and shows a blurry configuration screen', 'a laptop screen with several tabs open and text displayed', 'a gray samsung laptop that has a pop up label on the screen', 'laptop screen with a webpage displayed in internet explorer']"
24355,VizWiz_val_00000924.jpg,a computer screen with a blue background and white text on it,"['a metal antenna is almost perpendicular to the upper right hand corner of a tablet device screen or the corner of a laptop screen that', 'an apple macbook has the application open for imessage', 'the top right quadrant of a computer or laptop monitor displays an application run within mac osx', 'a white framed computer screen with blurry writing on the screen is shown']"
28782,VizWiz_val_00005351.jpg,a person is wearing a red shirt with white buttons,"['an old ball ornament is peeling off paint', 'a white blue rust and copper colored sphere sculpture', 'a black white brown and reddish ceramic item resting against a white wall']"
